TICKS,Memoryper%
1697884469.32,34.40
1697884470.32,34.40
1697884471.32,34.20
1697884472.32,34.20
1697884473.33,34.20
1697884474.33,34.20
1697884475.33,34.20
1697884476.33,34.20
1697884477.33,34.30
1697884478.33,34.40
1697884479.33,34.40
1697884480.33,34.40
1697884481.34,34.40
1697884482.34,34.30
1697884483.34,34.30
1697884484.34,34.30
1697884485.34,34.20
1697884486.34,34.20
1697884487.34,34.20
1697884488.34,34.20
1697884489.35,34.30
1697884490.35,34.30
1697884491.35,34.30
1697884492.35,34.30
1697884493.35,34.20
1697884494.35,34.20
1697884495.35,34.20
1697884496.36,34.20
1697884497.36,34.20
1697884498.36,34.20
1697884499.36,34.20
1697884500.36,34.10
1697884501.36,34.00
1697884502.36,34.00
1697884503.37,34.00
1697884504.37,34.00
1697884505.37,34.00
1697884506.37,34.00
1697884507.37,34.00
1697884508.37,34.00
1697884509.38,34.00
1697884510.38,34.00
1697884511.38,34.00
1697884512.38,34.00
1697884513.38,34.00
1697884514.38,34.00
1697884515.39,34.00
1697884516.39,34.00
1697884517.39,34.00
1697884518.39,34.00
1697884519.39,34.00
1697884520.39,34.00
1697884521.39,34.00
1697884522.40,34.00
1697884523.40,34.00
1697884524.40,34.00
1697884525.40,34.00
1697884526.40,34.00
1697884527.40,34.00
1697884528.40,34.00
1697884529.41,34.00
1697884530.41,34.10
1697884531.41,34.10
1697884532.41,34.10
1697884533.41,34.10
1697884534.41,34.10
1697884535.41,34.10
1697884536.42,34.10
1697884537.42,34.10
1697884538.42,34.10
1697884539.42,34.10
1697884540.42,34.10
1697884541.43,34.10
1697884542.43,34.10
1697884543.43,34.10
1697884544.43,34.10
1697884545.43,34.10
1697884546.43,34.10
1697884547.43,34.10
1697884548.44,34.10
1697884549.44,34.00
1697884550.44,34.00
1697884551.44,33.90
1697884552.44,33.90
1697884553.44,33.90
1697884554.44,33.90
1697884555.45,33.90
1697884556.45,33.90
1697884557.45,34.00
1697884558.45,34.00
1697884559.45,34.00
1697884560.45,34.00
1697884561.45,34.00
1697884562.46,34.00
1697884563.46,34.00
1697884564.46,34.00
1697884565.46,34.00
1697884566.46,34.00
1697884567.46,34.00
1697884568.46,34.00
1697884569.47,34.00
1697884570.47,34.00
1697884571.47,34.00
1697884572.47,34.00
1697884573.47,34.00
1697884574.47,34.00
1697884575.48,34.00
1697884576.48,34.00
1697884577.48,34.00
1697884578.48,34.00
1697884579.48,34.00
1697884580.48,34.00
1697884581.48,34.00
1697884582.49,34.00
1697884583.49,34.00
1697884584.49,34.00
1697884585.49,34.00
1697884586.49,34.00
1697884587.49,34.00
1697884588.50,34.00
1697884589.50,34.00
1697884590.50,34.00
1697884591.50,34.00
1697884592.50,34.00
1697884593.50,34.00
1697884594.50,34.00
1697884595.50,34.00
1697884596.51,34.00
1697884597.51,34.00
1697884598.51,34.00
1697884599.51,34.00
1697884600.51,34.00
1697884601.51,34.00
1697884602.52,34.00
1697884603.52,34.00
1697884604.52,34.00
1697884605.52,34.00
1697884606.52,34.00
1697884607.52,34.00
1697884608.52,34.00
1697884609.53,34.00
1697884610.53,34.00
1697884611.53,34.00
1697884612.53,34.00
1697884613.53,34.00
1697884614.54,34.00
1697884615.54,34.00
1697884616.54,34.00
1697884617.54,34.00
1697884618.54,34.00
1697884619.54,34.00
1697884620.54,34.00
1697884621.54,34.00
1697884622.54,34.00
1697884623.55,34.00
1697884624.55,34.00
1697884625.55,34.00
1697884626.55,34.00
1697884627.55,34.00
1697884628.55,34.00
1697884629.55,34.00
1697884630.55,34.00
1697884631.56,34.00
1697884632.56,34.00
1697884633.56,34.00
1697884634.56,34.00
1697884635.56,34.00
1697884636.56,34.00
1697884637.56,34.00
1697884638.57,34.00
1697884639.57,34.00
1697884640.57,34.00
1697884641.57,34.00
1697884642.57,34.00
1697884643.57,34.10
1697884644.58,34.00
1697884645.58,34.00
1697884646.58,34.00
1697884647.58,34.10
1697884648.58,34.10
1697884649.58,34.10
1697884650.59,34.10
1697884651.59,34.10
1697884652.59,34.10
1697884653.59,34.10
1697884654.59,34.10
1697884655.60,34.10
1697884656.60,34.10
1697884657.60,34.00
1697884658.60,34.00
1697884659.60,34.00
1697884660.60,34.00
1697884661.60,34.00
1697884662.60,34.00
1697884663.61,34.00
1697884664.61,34.00
1697884665.61,34.00
1697884666.61,34.00
1697884667.61,34.00
1697884668.61,34.00
1697884669.62,34.00
1697884670.62,34.00
1697884671.62,34.00
1697884672.62,34.00
1697884673.62,34.00
1697884674.62,34.00
1697884675.63,34.00
1697884676.63,34.00
1697884677.63,34.00
1697884678.63,34.00
1697884679.63,34.00
1697884680.63,34.00
1697884681.64,34.00
1697884682.64,34.00
1697884683.64,34.00
1697884684.64,34.00
1697884685.64,34.00
1697884686.64,34.00
1697884687.64,34.00
1697884688.65,34.00
1697884689.65,34.00
1697884690.65,34.00
1697884691.65,34.00
1697884692.65,34.00
1697884693.65,34.00
1697884694.66,34.00
1697884695.66,34.00
1697884696.66,34.00
1697884697.66,34.00
1697884698.66,34.00
1697884699.66,34.00
1697884700.67,34.00
1697884701.67,34.00
1697884702.67,34.00
1697884703.67,34.00
1697884704.67,34.00
1697884705.67,34.00
1697884706.67,34.00
1697884707.68,34.00
1697884708.68,34.00
1697884709.68,34.00
1697884710.68,34.00
1697884711.68,34.00
1697884712.68,34.00
1697884713.69,34.00
1697884714.69,34.00
1697884715.69,34.00
1697884716.69,34.00
1697884717.69,34.00
1697884718.69,34.00
1697884719.70,34.00
1697884720.70,34.00
1697884721.70,34.00
1697884722.70,34.00
1697884723.70,34.00
1697884724.70,34.00
1697884725.71,34.00
1697884726.71,34.00
1697884727.71,34.00
1697884728.71,34.00
1697884729.71,34.00
1697884730.71,34.00
1697884731.71,34.00
1697884732.72,34.00
1697884733.72,34.00
1697884734.72,34.00
1697884735.72,34.00
1697884736.72,34.00
1697884737.72,34.10
1697884738.73,34.10
1697884739.73,34.10
1697884740.73,34.10
1697884741.73,34.10
1697884742.73,34.10
1697884743.73,34.10
1697884744.73,34.10
1697884745.74,34.10
1697884746.74,34.10
1697884747.74,34.10
1697884748.74,34.10
1697884749.74,34.10
1697884750.74,34.10
1697884751.75,34.10
1697884752.75,34.10
1697884753.75,34.10
1697884754.75,34.10
1697884755.75,34.10
1697884756.75,34.10
1697884757.76,34.10
1697884758.76,34.00
1697884759.76,34.00
1697884760.76,34.00
1697884761.76,34.00
1697884762.76,34.00
1697884763.77,34.00
1697884764.77,34.00
1697884765.77,34.00
1697884766.77,34.00
1697884767.77,34.00
1697884768.77,34.00
1697884769.77,34.00
1697884770.78,34.00
1697884771.78,34.00
1697884772.78,34.00
1697884773.78,34.00
1697884774.78,34.00
1697884775.78,34.00
1697884776.78,34.00
1697884777.79,34.00
1697884778.79,34.00
1697884779.79,34.00
1697884780.79,34.00
1697884781.79,33.90
1697884782.79,33.90
1697884783.79,33.90
1697884784.80,33.90
1697884785.80,33.90
1697884786.80,33.90
1697884787.80,33.90
1697884788.80,33.90
1697884789.80,33.90
1697884790.80,33.90
1697884791.80,33.90
1697884792.81,33.90
1697884793.81,33.90
1697884794.81,33.90
1697884795.81,33.90
1697884796.81,33.90
1697884797.81,33.90
1697884798.81,33.90
1697884799.82,33.90
1697884800.82,34.70
1697884801.82,34.70
1697884802.82,34.70
1697884803.82,34.70
1697884804.82,34.60
1697884805.83,34.40
1697884806.83,34.40
1697884807.83,34.40
1697884808.83,34.40
1697884809.83,34.40
1697884810.83,34.40
1697884811.84,34.40
1697884812.84,34.40
1697884813.84,34.40
1697884814.84,34.40
1697884815.84,34.40
1697884816.84,34.40
1697884817.84,34.40
1697884818.85,34.40
1697884819.85,34.40
1697884820.85,34.40
1697884821.85,34.40
1697884822.85,34.40
1697884823.85,34.40
1697884824.86,34.40
1697884825.86,34.40
1697884826.86,34.40
1697884827.86,34.40
1697884828.86,34.40
1697884829.86,34.40
1697884830.86,34.40
1697884831.87,34.40
1697884832.87,34.40
1697884833.87,34.40
1697884834.87,34.40
1697884835.87,34.40
1697884836.87,34.40
1697884837.88,34.40
1697884838.88,34.40
1697884839.88,34.40
1697884840.88,34.40
1697884841.88,34.40
1697884842.88,34.40
1697884843.89,34.40
1697884844.89,34.40
1697884845.89,34.40
1697884846.89,34.40
1697884847.89,34.40
1697884848.89,34.40
1697884849.90,34.40
1697884850.90,34.40
1697884851.90,34.40
1697884852.90,34.40
1697884853.90,34.40
1697884854.91,34.40
1697884855.91,34.40
1697884856.91,34.40
1697884857.91,34.40
1697884858.91,34.40
1697884859.91,34.40
1697884860.91,34.30
1697884861.92,34.30
1697884862.92,34.30
1697884863.92,34.30
1697884864.92,34.30
1697884865.92,34.30
1697884866.93,34.30
1697884867.93,34.30
1697884868.93,34.30
1697884869.93,34.30
1697884870.93,34.30
1697884871.93,34.30
1697884872.93,34.30
1697884873.94,34.30
1697884874.94,34.30
1697884875.94,34.30
1697884876.94,34.30
1697884877.94,34.30
1697884878.94,34.30
1697884879.94,34.30
1697884880.95,34.20
1697884881.95,34.20
1697884882.95,34.20
1697884883.95,34.20
1697884884.95,34.20
1697884885.95,34.30
1697884886.96,34.40
1697884887.96,34.40
1697884888.96,34.40
1697884889.96,34.40
1697884890.96,34.30
1697884891.96,34.30
1697884892.96,34.30
1697884893.97,34.20
1697884894.97,34.20
1697884895.97,34.20
1697884896.97,34.20
1697884897.97,34.20
1697884898.97,34.20
1697884899.98,34.20
1697884900.98,34.20
1697884901.98,34.20
1697884902.98,34.20
1697884903.98,34.20
1697884904.98,34.20
1697884905.98,34.20
1697884906.99,34.20
1697884907.99,34.20
1697884908.99,34.20
1697884909.99,34.20
1697884910.99,34.20
1697884911.99,34.20
1697884913.00,34.20
1697884914.00,34.20
1697884915.00,34.20
1697884916.00,34.20
1697884917.00,34.20
1697884918.00,34.20
1697884919.01,34.20
1697884920.01,34.20
1697884921.01,34.20
1697884922.01,34.20
1697884923.01,34.20
1697884924.01,34.20
1697884925.01,34.20
1697884926.02,34.20
1697884927.02,34.20
1697884928.02,34.20
1697884929.02,34.20
1697884930.02,34.20
1697884931.03,34.20
1697884932.03,34.20
1697884933.03,34.20
1697884934.03,34.20
1697884935.03,34.20
1697884936.03,34.20
1697884937.03,34.20
1697884938.04,34.20
1697884939.04,34.20
1697884940.04,34.20
1697884941.04,34.20
1697884942.04,34.20
1697884943.04,34.20
1697884944.04,34.20
1697884945.05,34.20
1697884946.05,34.20
1697884947.05,34.20
1697884948.05,34.20
1697884949.05,34.20
1697884950.05,34.20
1697884951.05,34.20
1697884952.06,34.20
1697884953.06,34.20
1697884954.06,34.20
1697884955.06,34.20
1697884956.06,34.20
1697884957.06,34.20
1697884958.06,34.20
1697884959.07,34.20
1697884960.07,34.20
1697884961.07,34.20
1697884962.07,34.20
1697884963.07,34.20
1697884964.07,34.20
1697884965.07,34.20
1697884966.08,34.20
1697884967.08,34.20
1697884968.08,34.20
1697884969.08,34.70
1697884970.08,34.70
1697884971.08,34.80
1697884972.08,34.80
1697884973.09,34.70
1697884974.09,34.70
1697884975.09,34.60
1697884976.09,34.50
1697884977.09,34.50
1697884978.09,34.50
1697884979.09,34.50
1697884980.10,34.40
1697884981.10,34.40
1697884982.10,34.40
1697884983.10,34.40
1697884984.10,34.40
1697884985.10,34.40
1697884986.11,34.40
1697884987.11,34.40
1697884988.11,34.40
1697884989.11,34.40
1697884990.11,34.40
1697884991.12,34.40
1697884992.12,34.40
1697884993.12,34.40
1697884994.12,34.40
1697884995.12,34.40
1697884996.12,34.40
1697884997.12,34.40
1697884998.13,34.40
1697884999.13,34.40
1697885000.13,34.40
1697885001.13,34.40
1697885002.13,34.40
1697885003.13,34.40
1697885004.14,34.40
1697885005.14,34.40
1697885006.14,34.40
1697885007.14,34.40
1697885008.14,34.40
1697885009.14,34.40
1697885010.15,34.40
1697885011.15,34.40
1697885012.15,34.40
1697885013.15,34.40
1697885014.15,34.40
1697885015.15,34.40
1697885016.16,34.40
1697885017.16,34.30
1697885018.16,34.30
1697885019.16,34.30
1697885020.16,34.30
1697885021.16,34.30
1697885022.17,34.30
1697885023.17,34.30
1697885024.17,34.30
1697885025.17,34.30
1697885026.17,34.30
1697885027.17,34.30
1697885028.17,34.30
1697885029.18,34.30
1697885030.18,34.30
1697885031.18,34.30
1697885032.18,34.30
1697885033.18,34.30
1697885034.18,34.30
1697885035.19,34.30
1697885036.19,34.30
1697885037.19,34.30
1697885038.19,34.30
1697885039.19,34.30
1697885040.19,34.30
1697885041.20,34.30
1697885042.20,34.30
1697885043.20,34.30
1697885044.20,34.30
1697885045.20,34.30
1697885046.20,34.30
1697885047.21,34.30
1697885048.21,34.30
1697885049.21,34.20
1697885050.21,34.20
1697885051.21,34.20
1697885052.21,34.20
1697885053.22,34.20
1697885054.22,34.20
1697885055.22,34.20
1697885056.22,34.20
1697885057.22,34.20
1697885058.22,34.20
1697885059.23,34.20
1697885060.23,34.20
1697885061.23,34.20
1697885062.23,34.20
1697885063.23,34.20
1697885064.24,34.20
1697885065.24,34.20
1697885066.24,34.20
1697885067.24,34.20
1697885068.24,34.20
1697885069.24,34.20
1697885070.24,34.20
1697885071.24,34.20
1697885072.25,34.20
1697885073.25,34.20
1697885074.25,34.30
1697885075.25,34.30
1697885076.25,34.30
1697885077.25,34.30
1697885078.25,34.30
1697885079.26,34.30
1697885080.26,34.30
1697885081.26,34.30
1697885082.26,34.30
1697885083.26,34.30
1697885084.26,34.30
1697885085.27,34.30
1697885086.27,34.30
1697885087.27,34.30
1697885088.27,34.30
1697885089.27,34.30
1697885090.27,34.30
1697885091.27,34.30
1697885092.28,34.30
1697885093.28,34.30
1697885094.28,34.30
1697885095.28,34.30
1697885096.28,34.30
1697885097.28,34.30
1697885098.29,34.30
1697885099.29,34.30
1697885100.29,34.30
1697885101.29,34.30
1697885102.29,34.30
1697885103.29,34.30
1697885104.29,34.30
1697885105.30,34.30
1697885106.30,34.30
1697885107.30,34.30
1697885108.30,34.30
1697885109.30,34.30
1697885110.30,34.40
1697885111.30,34.40
1697885112.31,34.40
1697885113.31,34.40
1697885114.31,34.40
1697885115.31,34.40
1697885116.31,34.40
1697885117.31,34.40
1697885118.32,34.40
1697885119.32,34.40
1697885120.32,34.40
1697885121.32,34.40
1697885122.32,34.40
1697885123.32,34.40
1697885124.33,34.40
1697885125.33,34.40
1697885126.33,34.40
1697885127.33,34.40
1697885128.33,34.30
1697885129.33,34.30
1697885130.33,34.30
1697885131.34,34.30
1697885132.34,34.30
1697885133.34,34.30
1697885134.34,34.30
1697885135.34,34.30
1697885136.34,34.30
1697885137.35,34.30
1697885138.35,34.30
1697885139.35,34.30
1697885140.35,34.30
1697885141.35,34.30
1697885142.36,34.30
1697885143.36,34.30
1697885144.36,34.30
1697885145.36,34.30
1697885146.36,34.30
1697885147.36,34.30
1697885148.36,34.30
1697885149.36,34.30
1697885150.37,34.30
1697885151.37,34.30
1697885152.37,34.30
1697885153.37,34.30
1697885154.37,34.30
1697885155.37,34.30
1697885156.37,34.30
1697885157.38,34.30
1697885158.38,34.30
1697885159.38,34.30
1697885160.38,34.30
1697885161.38,34.30
1697885162.38,34.30
1697885163.39,34.30
1697885164.39,34.30
1697885165.39,34.30
1697885166.39,34.30
1697885167.39,34.30
1697885168.39,34.30
1697885169.39,34.30
1697885170.40,34.30
1697885171.40,34.30
1697885172.40,34.30
1697885173.40,34.30
1697885174.40,34.30
1697885175.40,34.30
1697885176.41,34.30
1697885177.41,34.30
1697885178.41,34.30
1697885179.41,34.30
1697885180.41,34.30
1697885181.41,34.30
1697885182.42,34.30
1697885183.42,34.30
1697885184.42,34.30
1697885185.42,34.30
1697885186.42,34.30
1697885187.42,34.30
1697885188.42,34.30
1697885189.43,34.30
1697885190.43,34.30
1697885191.43,34.30
1697885192.43,34.30
1697885193.43,34.30
1697885194.43,34.30
1697885195.44,34.30
1697885196.44,34.30
1697885197.44,34.30
1697885198.44,34.30
1697885199.44,34.30
1697885200.44,34.30
1697885201.44,34.30
1697885202.45,34.30
1697885203.45,34.30
1697885204.45,34.30
1697885205.45,34.30
1697885206.45,34.30
1697885207.45,34.30
1697885208.46,34.30
1697885209.46,34.30
1697885210.46,34.30
1697885211.46,34.30
1697885212.46,34.30
1697885213.46,34.30
1697885214.47,34.30
1697885215.47,34.30
1697885216.47,34.30
1697885217.47,34.30
1697885218.47,34.30
1697885219.47,34.40
1697885220.47,34.40
1697885221.48,34.40
1697885222.48,34.40
1697885223.48,34.40
1697885224.48,34.40
1697885225.48,34.40
1697885226.48,34.40
1697885227.49,34.40
1697885228.49,34.40
1697885229.49,34.40
1697885230.49,34.40
1697885231.49,34.30
1697885232.49,34.30
1697885233.49,34.30
1697885234.50,34.30
1697885235.50,34.30
1697885236.50,34.30
1697885237.50,34.30
1697885238.50,34.30
1697885239.50,34.30
1697885240.51,34.30
1697885241.51,34.30
1697885242.51,34.30
1697885243.51,34.30
1697885244.51,34.30
1697885245.51,34.30
1697885246.51,34.30
1697885247.52,34.30
1697885248.52,34.20
1697885249.52,34.20
1697885250.52,34.20
1697885251.52,34.20
1697885252.52,34.20
1697885253.53,34.20
1697885254.53,34.20
1697885255.53,34.20
1697885256.53,34.20
1697885257.53,34.20
1697885258.53,34.20
1697885259.54,34.20
1697885260.54,34.20
1697885261.54,34.20
1697885262.54,34.20
1697885263.54,34.20
1697885264.54,34.20
1697885265.55,34.20
1697885266.55,34.30
1697885267.55,34.30
1697885268.55,34.30
1697885269.55,34.30
1697885270.55,34.30
1697885271.55,34.30
1697885272.56,34.30
1697885273.56,34.30
1697885274.56,34.30
1697885275.56,34.30
1697885276.56,34.30
1697885277.56,34.30
1697885278.56,34.30
1697885279.57,34.30
1697885280.57,34.30
1697885281.57,34.30
1697885282.57,34.30
1697885283.57,34.30
1697885284.57,34.30
1697885285.58,34.30
1697885286.58,34.30
1697885287.58,34.30
1697885288.58,34.30
1697885289.58,34.30
1697885290.58,34.30
1697885291.59,34.30
1697885292.59,34.30
1697885293.59,34.30
1697885294.59,34.30
1697885295.59,34.30
1697885296.59,34.30
1697885297.59,34.30
1697885298.60,34.30
1697885299.60,34.30
1697885300.60,34.30
1697885301.60,34.30
1697885302.60,34.30
1697885303.60,34.30
1697885304.61,34.30
1697885305.61,34.30
1697885306.61,34.30
1697885307.61,34.30
1697885308.61,34.30
1697885309.61,34.30
1697885310.61,34.30
1697885311.62,34.30
1697885312.62,34.30
1697885313.62,34.30
1697885314.62,34.30
1697885315.62,34.40
1697885316.62,34.40
1697885317.63,34.40
1697885318.63,34.40
1697885319.63,34.40
1697885320.63,34.40
1697885321.63,34.40
1697885322.63,34.40
1697885323.63,34.40
1697885324.64,34.40
1697885325.64,34.40
1697885326.64,34.40
1697885327.64,34.40
1697885328.64,34.40
1697885329.65,34.40
1697885330.65,34.40
1697885331.65,34.40
1697885332.65,34.40
1697885333.65,34.40
1697885334.65,34.40
1697885335.65,34.40
1697885336.66,34.40
1697885337.66,34.30
1697885338.66,34.30
1697885339.66,34.30
1697885340.66,34.30
1697885341.66,34.30
1697885342.66,34.30
1697885343.67,34.30
1697885344.67,34.30
1697885345.67,34.30
1697885346.67,34.30
1697885347.67,34.30
1697885348.67,34.30
1697885349.67,34.30
1697885350.68,34.30
1697885351.68,34.30
1697885352.68,34.30
1697885353.68,34.30
1697885354.68,34.30
1697885355.68,34.30
1697885356.68,34.30
1697885357.69,34.30
1697885358.69,34.30
1697885359.69,34.30
1697885360.69,34.30
1697885361.69,34.30
1697885362.69,34.30
1697885363.70,34.30
1697885364.70,34.30
1697885365.70,34.30
1697885366.70,34.30
1697885367.70,34.30
1697885368.70,34.30
1697885369.71,34.30
1697885370.71,34.30
1697885371.71,34.30
1697885372.71,34.30
1697885373.71,34.30
1697885374.71,34.30
1697885375.72,34.30
1697885376.72,34.30
1697885377.72,34.30
1697885378.72,34.30
1697885379.72,34.30
1697885380.72,34.30
1697885381.73,34.30
1697885382.73,34.30
1697885383.73,34.30
1697885384.73,34.30
1697885385.73,34.30
1697885386.73,34.30
1697885387.74,34.30
1697885388.74,34.30
1697885389.74,34.30
1697885390.74,34.30
1697885391.74,34.30
1697885392.74,34.30
1697885393.74,34.30
1697885394.75,34.30
1697885395.75,34.30
1697885396.75,34.30
1697885397.75,34.30
1697885398.75,34.30
1697885399.75,34.30
1697885400.76,34.30
1697885401.76,34.30
1697885402.76,34.30
1697885403.76,34.30
1697885404.76,34.40
1697885405.76,34.40
1697885406.77,34.40
1697885407.77,34.40
1697885408.77,34.40
1697885409.77,34.40
1697885410.77,34.40
1697885411.77,34.40
1697885412.78,34.40
1697885413.78,34.40
1697885414.78,34.40
1697885415.78,34.40
1697885416.78,34.40
1697885417.78,34.40
1697885418.79,34.40
1697885419.79,34.40
1697885420.79,34.40
1697885421.79,34.40
1697885422.79,34.40
1697885423.79,34.40
1697885424.79,34.40
1697885425.80,34.40
1697885426.80,34.40
1697885427.80,34.40
1697885428.80,34.40
1697885429.80,34.40
1697885430.80,34.40
1697885431.81,34.40
1697885432.81,34.40
1697885433.81,34.40
1697885434.81,34.30
1697885435.81,34.30
1697885436.81,34.30
1697885437.81,34.30
1697885438.82,34.30
1697885439.82,34.30
1697885440.82,34.30
1697885441.82,34.30
1697885442.82,34.30
1697885443.82,34.30
1697885444.83,34.30
1697885445.83,34.30
1697885446.83,34.30
1697885447.83,34.30
1697885448.83,34.30
1697885449.83,34.30
1697885450.83,34.30
1697885451.84,34.30
1697885452.84,34.30
1697885453.84,34.30
1697885454.84,34.30
1697885455.84,34.30
1697885456.84,34.30
1697885457.85,34.30
1697885458.85,34.30
1697885459.85,34.30
1697885460.85,34.30
1697885461.85,34.30
1697885462.85,34.30
1697885463.86,34.30
1697885464.86,34.30
1697885465.86,34.30
1697885466.86,34.30
1697885467.86,34.30
1697885468.86,34.30
1697885469.86,34.30
1697885470.86,34.30
1697885471.86,34.30
1697885472.87,34.30
1697885473.87,34.30
1697885474.87,34.30
1697885475.87,34.30
1697885476.87,34.30
1697885477.87,34.30
1697885478.87,34.30
1697885479.88,34.30
1697885480.88,34.30
1697885481.88,34.30
1697885482.88,34.30
1697885483.88,34.30
1697885484.88,34.30
1697885485.89,34.30
1697885486.89,34.30
1697885487.89,34.30
1697885488.89,34.30
1697885489.89,34.30
1697885490.89,34.30
1697885491.90,34.40
1697885492.90,34.40
1697885493.90,34.40
1697885494.90,34.40
1697885495.90,34.40
1697885496.90,34.40
1697885497.91,34.40
1697885498.91,34.40
1697885499.91,34.40
1697885500.91,34.40
1697885501.91,34.40
1697885502.91,34.40
1697885503.91,34.40
1697885504.92,34.40
1697885505.92,34.40
1697885506.92,34.40
1697885507.92,34.40
1697885508.92,34.40
1697885509.92,34.40
1697885510.92,34.40
1697885511.93,34.40
1697885512.93,34.40
1697885513.93,34.40
1697885514.93,34.40
1697885515.93,34.40
1697885516.93,34.40
1697885517.94,34.40
1697885518.94,34.40
1697885519.94,34.40
1697885520.94,34.40
1697885521.94,34.40
1697885522.94,34.40
1697885523.95,34.40
1697885524.95,34.40
1697885525.95,34.40
1697885526.95,34.40
1697885527.95,34.40
1697885528.95,34.40
1697885529.96,34.40
1697885530.96,34.40
1697885531.96,34.40
1697885532.96,34.40
1697885533.96,34.40
1697885534.96,34.40
1697885535.97,34.30
1697885536.97,34.30
1697885537.97,34.40
1697885538.97,34.40
1697885539.97,34.30
1697885540.97,34.30
1697885541.97,34.30
1697885542.98,34.30
1697885543.98,34.30
1697885544.98,34.30
1697885545.98,34.30
1697885546.98,34.30
1697885547.98,34.30
1697885548.98,34.30
1697885549.99,34.30
1697885550.99,34.30
1697885551.99,34.30
1697885552.99,34.30
1697885553.99,34.30
1697885554.99,34.30
1697885555.99,34.30
1697885556.99,34.30
1697885558.00,34.30
1697885559.00,34.30
1697885560.00,34.30
1697885561.00,34.30
1697885562.00,34.30
1697885563.00,34.30
1697885564.01,34.30
1697885565.01,34.30
1697885566.01,34.30
1697885567.01,34.30
1697885568.01,34.30
1697885569.01,34.30
1697885570.01,34.30
1697885571.02,34.30
1697885572.02,34.30
1697885573.02,34.30
1697885574.02,34.30
1697885575.02,34.30
1697885576.02,34.30
1697885577.03,34.30
1697885578.03,34.30
1697885579.03,34.30
1697885580.03,34.30
1697885581.03,34.30
1697885582.03,34.30
1697885583.04,34.30
1697885584.04,34.30
1697885585.04,34.30
1697885586.04,34.30
1697885587.04,34.30
1697885588.04,34.30
1697885589.04,34.30
1697885590.05,34.30
1697885591.05,34.30
1697885592.05,34.30
1697885593.05,34.30
1697885594.05,34.30
1697885595.05,34.30
1697885596.06,34.30
1697885597.06,34.30
1697885598.06,34.30
1697885599.06,34.30
1697885600.06,34.30
1697885601.06,34.30
1697885602.06,34.30
1697885603.07,34.30
1697885604.07,34.30
1697885605.07,34.30
1697885606.07,34.30
1697885607.07,34.30
1697885608.07,34.30
1697885609.07,34.30
1697885610.08,34.30
1697885611.08,34.30
1697885612.08,34.30
1697885613.08,34.30
1697885614.08,34.30
1697885615.08,34.30
1697885616.09,34.30
1697885617.09,34.30
1697885618.09,34.30
1697885619.09,34.30
1697885620.09,34.20
1697885621.09,34.20
1697885622.09,34.20
1697885623.10,34.20
1697885624.10,34.30
1697885625.10,34.20
1697885626.10,34.30
1697885627.10,34.30
1697885628.11,34.30
1697885629.11,34.30
1697885630.11,34.30
1697885631.11,34.30
1697885632.11,34.30
1697885633.11,34.30
1697885634.11,34.30
1697885635.12,34.30
1697885636.12,34.30
1697885637.12,34.30
1697885638.12,34.30
1697885639.12,34.30
1697885640.12,34.30
1697885641.13,34.30
1697885642.13,34.30
1697885643.13,34.30
1697885644.13,34.30
1697885645.13,34.30
1697885646.13,34.30
1697885647.13,34.30
1697885648.14,34.30
1697885649.14,34.30
1697885650.14,34.30
1697885651.14,34.30
1697885652.14,34.30
1697885653.14,34.30
1697885654.15,34.30
1697885655.15,34.30
1697885656.15,34.30
1697885657.15,34.30
1697885658.15,34.30
1697885659.15,34.30
1697885660.16,34.30
1697885661.16,34.30
1697885662.16,34.30
1697885663.16,34.30
1697885664.16,34.30
1697885665.16,34.30
1697885666.16,34.30
1697885667.17,34.30
1697885668.17,34.30
1697885669.17,34.30
1697885670.17,34.30
1697885671.17,34.30
1697885672.17,34.30
1697885673.18,34.30
1697885674.18,34.30
1697885675.18,34.30
1697885676.18,34.30
1697885677.18,34.30
1697885678.18,34.30
1697885679.19,34.30
1697885680.19,34.30
1697885681.19,34.30
1697885682.19,34.30
1697885683.19,34.30
1697885684.19,34.30
1697885685.20,34.30
1697885686.20,34.30
1697885687.20,34.30
1697885688.20,34.30
1697885689.20,34.30
1697885690.20,34.30
1697885691.21,34.30
1697885692.21,34.30
1697885693.21,34.30
1697885694.21,34.30
1697885695.21,34.30
1697885696.21,34.30
1697885697.21,34.30
1697885698.22,34.30
1697885699.22,34.30
1697885700.22,34.30
1697885701.22,34.30
1697885702.22,34.30
1697885703.22,34.30
1697885704.23,34.30
1697885705.23,34.30
1697885706.23,34.30
1697885707.23,34.30
1697885708.23,34.30
1697885709.23,34.30
1697885710.24,34.30
1697885711.24,34.30
1697885712.24,34.30
1697885713.24,34.30
1697885714.24,34.30
1697885715.24,34.30
1697885716.25,34.30
1697885717.25,34.30
1697885718.25,34.30
1697885719.25,34.30
1697885720.25,34.30
1697885721.25,34.30
1697885722.26,34.40
1697885723.26,34.40
1697885724.26,34.40
1697885725.26,34.30
1697885726.26,34.40
1697885727.27,34.40
1697885728.27,34.40
1697885729.27,34.40
1697885730.27,34.40
1697885731.27,34.40
1697885732.27,34.40
1697885733.28,34.40
1697885734.28,34.40
1697885735.28,34.40
1697885736.28,34.40
1697885737.28,34.40
1697885738.28,34.40
1697885739.28,34.40
1697885740.29,34.40
1697885741.29,34.40
1697885742.29,34.40
1697885743.29,34.40
1697885744.29,34.40
1697885745.29,34.40
1697885746.30,34.40
1697885747.30,34.40
1697885748.30,34.40
1697885749.30,34.40
1697885750.30,34.40
1697885751.30,34.40
1697885752.30,34.40
1697885753.31,34.40
1697885754.31,34.30
1697885755.31,34.30
1697885756.31,34.30
1697885757.31,34.30
1697885758.31,34.30
1697885759.32,34.30
1697885760.32,34.30
1697885761.32,34.30
1697885762.32,34.30
1697885763.32,34.30
1697885764.32,34.30
1697885765.32,34.30
1697885766.32,34.30
1697885767.33,34.30
1697885768.33,34.30
1697885769.33,34.30
1697885770.33,34.30
1697885771.33,34.30
1697885772.33,34.30
1697885773.33,34.30
1697885774.34,34.30
1697885775.34,34.30
1697885776.34,34.30
1697885777.34,34.30
1697885778.34,34.30
1697885779.34,34.30
1697885780.35,34.30
1697885781.35,34.30
1697885782.35,34.30
1697885783.35,34.30
1697885784.35,34.30
1697885785.35,34.30
1697885786.35,34.30
1697885787.36,34.30
1697885788.36,34.30
1697885789.36,34.30
1697885790.36,34.30
1697885791.36,34.30
1697885792.36,34.30
1697885793.37,34.30
1697885794.37,34.30
1697885795.37,34.30
1697885796.37,34.30
1697885797.37,34.30
1697885798.37,34.30
1697885799.37,34.30
1697885800.38,34.30
1697885801.38,34.40
1697885802.38,34.40
1697885803.38,34.40
1697885804.38,34.40
1697885805.38,34.40
1697885806.39,34.40
1697885807.39,34.40
1697885808.39,34.40
1697885809.39,34.40
1697885810.39,34.40
1697885811.39,34.40
1697885812.39,34.40
1697885813.40,34.40
1697885814.40,34.40
1697885815.40,34.40
1697885816.40,34.40
1697885817.40,34.40
1697885818.40,34.40
1697885819.40,34.40
1697885820.41,34.40
1697885821.41,34.40
1697885822.41,34.40
1697885823.41,34.40
1697885824.41,34.40
1697885825.41,34.40
1697885826.42,34.40
1697885827.42,34.40
1697885828.42,34.40
1697885829.42,34.40
1697885830.42,34.40
1697885831.42,34.40
1697885832.43,34.40
1697885833.43,34.40
1697885834.43,34.40
1697885835.43,34.40
1697885836.43,34.40
1697885837.43,34.40
1697885838.43,34.40
1697885839.44,34.40
1697885840.44,34.40
1697885841.44,34.40
1697885842.44,34.40
1697885843.44,34.40
1697885844.44,34.40
1697885845.45,34.40
1697885846.45,34.40
1697885847.45,34.40
1697885848.45,34.40
1697885849.45,34.50
1697885850.45,34.50
1697885851.45,34.50
1697885852.46,34.50
1697885853.46,34.50
1697885854.46,34.50
1697885855.46,34.50
1697885856.46,34.50
1697885857.46,34.50
1697885858.47,34.40
1697885859.47,34.40
1697885860.47,34.40
1697885861.47,34.30
1697885862.47,34.30
1697885863.47,34.30
1697885864.47,34.30
1697885865.48,34.30
1697885866.48,34.30
1697885867.48,34.30
1697885868.48,34.30
1697885869.48,34.30
1697885870.48,34.30
1697885871.49,34.30
1697885872.49,34.30
1697885873.49,34.30
1697885874.49,34.30
1697885875.49,34.30
1697885876.49,34.30
1697885877.49,34.30
1697885878.50,34.30
1697885879.50,34.30
1697885880.50,34.30
1697885881.50,34.30
1697885882.50,34.30
1697885883.50,34.30
1697885884.51,34.30
1697885885.51,34.30
1697885886.51,34.30
1697885887.51,34.30
1697885888.51,34.30
1697885889.51,34.30
1697885890.52,34.30
1697885891.52,34.30
1697885892.52,34.30
1697885893.52,34.30
1697885894.52,34.30
1697885895.52,34.30
1697885896.52,34.30
1697885897.53,34.30
1697885898.53,34.30
1697885899.53,34.30
1697885900.53,34.30
1697885901.53,34.30
1697885902.53,34.30
1697885903.54,34.30
1697885904.54,34.30
1697885905.54,34.30
1697885906.54,34.30
1697885907.54,34.30
1697885908.54,34.30
1697885909.54,34.30
1697885910.55,34.30
1697885911.55,34.30
1697885912.55,34.30
1697885913.55,34.30
1697885914.55,34.30
1697885915.55,34.30
1697885916.55,34.30
1697885917.56,34.30
1697885918.56,34.30
1697885919.56,34.40
1697885920.56,34.40
1697885921.56,34.40
1697885922.56,34.40
1697885923.57,34.40
1697885924.57,34.40
1697885925.57,34.40
1697885926.57,34.40
1697885927.57,34.40
1697885928.57,34.40
1697885929.58,34.40
1697885930.58,34.40
1697885931.58,34.40
1697885932.58,34.40
1697885933.58,34.40
1697885934.58,34.40
1697885935.59,34.40
1697885936.59,34.40
1697885937.59,34.40
1697885938.59,34.40
1697885939.59,34.40
1697885940.59,34.40
1697885941.59,34.40
1697885942.60,34.40
1697885943.60,34.40
1697885944.60,34.40
1697885945.60,34.40
1697885946.60,34.40
1697885947.60,34.40
1697885948.61,34.40
1697885949.61,34.40
1697885950.61,34.40
1697885951.61,34.30
1697885952.61,34.30
1697885953.61,34.30
1697885954.61,34.30
1697885955.61,34.30
1697885956.62,34.30
1697885957.62,34.30
1697885958.62,34.30
1697885959.62,34.30
1697885960.62,34.30
1697885961.62,34.30
1697885962.63,34.30
1697885963.63,34.30
1697885964.63,34.30
1697885965.63,34.30
1697885966.63,34.30
1697885967.63,34.30
1697885968.63,34.30
1697885969.64,34.30
1697885970.64,34.30
1697885971.64,34.30
1697885972.64,34.30
1697885973.64,34.30
1697885974.64,34.30
1697885975.64,34.30
1697885976.65,34.30
1697885977.65,34.30
1697885978.65,34.30
1697885979.65,34.30
1697885980.65,34.30
1697885981.65,34.30
1697885982.66,34.30
1697885983.66,34.30
1697885984.66,34.30
1697885985.66,34.30
1697885986.66,34.30
1697885987.66,34.30
1697885988.66,34.30
1697885989.67,34.30
1697885990.67,34.30
1697885991.67,34.30
1697885992.67,34.30
1697885993.67,34.30
1697885994.67,34.30
1697885995.67,34.30
1697885996.68,34.30
1697885997.68,34.30
1697885998.68,34.30
1697885999.68,34.30
1697886000.68,34.30
1697886001.68,34.30
1697886002.68,34.30
1697886003.69,34.30
1697886004.69,34.30
1697886005.69,34.30
1697886006.69,34.30
1697886007.69,34.30
1697886008.69,34.30
1697886009.69,34.30
1697886010.70,34.30
1697886011.70,34.30
1697886012.70,34.30
1697886013.70,34.30
1697886014.70,34.30
1697886015.70,34.30
1697886016.71,34.30
1697886017.71,34.30
1697886018.71,34.30
1697886019.71,34.30
1697886020.71,34.30
1697886021.71,34.30
1697886022.71,34.30
1697886023.72,34.30
1697886024.72,34.30
1697886025.72,34.30
1697886026.72,34.30
1697886027.72,34.30
1697886028.72,34.30
1697886029.73,34.30
1697886030.73,34.30
1697886031.73,34.30
1697886032.73,34.30
1697886033.73,34.30
1697886034.73,34.30
1697886035.73,34.40
1697886036.74,34.40
1697886037.74,34.30
1697886038.74,34.40
1697886039.74,34.40
1697886040.74,34.40
1697886041.74,34.40
1697886042.75,34.40
1697886043.75,34.40
1697886044.75,34.40
1697886045.75,34.40
1697886046.75,34.40
1697886047.75,34.40
1697886048.75,34.40
1697886049.76,34.40
1697886050.76,34.40
1697886051.76,34.40
1697886052.76,34.30
1697886053.76,34.30
1697886054.76,34.30
1697886055.76,34.30
1697886056.77,34.30
1697886057.77,34.30
1697886058.77,34.30
1697886059.77,34.30
1697886060.77,34.30
1697886061.77,34.30
1697886062.78,34.30
1697886063.78,34.30
1697886064.78,34.30
1697886065.78,34.30
1697886066.78,34.30
1697886067.78,34.30
1697886068.78,34.30
1697886069.79,34.30
1697886070.79,34.30
1697886071.79,34.30
1697886072.79,34.30
1697886073.79,34.30
1697886074.79,34.30
1697886075.80,34.30
1697886076.80,34.30
1697886077.80,34.30
1697886078.80,34.30
1697886079.80,34.30
1697886080.80,34.30
1697886081.80,34.30
1697886082.81,34.30
1697886083.81,34.30
1697886084.81,34.30
1697886085.81,34.30
1697886086.81,34.30
1697886087.81,34.30
1697886088.81,34.30
1697886089.82,34.30
1697886090.82,34.30
1697886091.82,34.30
1697886092.82,34.30
1697886093.82,34.30
1697886094.82,34.30
1697886095.82,34.30
1697886096.83,34.30
1697886097.83,34.30
1697886098.83,34.30
1697886099.83,34.30
1697886100.83,34.30
1697886101.83,34.30
1697886102.83,34.30
1697886103.84,34.30
1697886104.84,34.30
1697886105.84,34.30
1697886106.84,34.30
1697886107.84,34.30
1697886108.84,34.30
1697886109.85,34.30
1697886110.85,34.30
1697886111.85,34.30
1697886112.85,34.30
1697886113.85,34.30
1697886114.85,34.30
1697886115.85,34.30
1697886116.86,34.30
1697886117.86,34.40
1697886118.86,34.40
1697886119.86,34.40
1697886120.86,34.40
1697886121.86,34.40
1697886122.86,34.40
1697886123.87,34.40
1697886124.87,34.40
1697886125.87,34.40
1697886126.87,34.40
1697886127.87,34.40
1697886128.87,34.40
1697886129.87,34.40
1697886130.88,34.40
1697886131.88,34.40
1697886132.88,34.40
1697886133.88,34.40
1697886134.88,34.40
1697886135.88,34.40
1697886136.88,34.40
1697886137.89,34.40
1697886138.89,34.40
1697886139.89,34.40
1697886140.89,34.40
1697886141.89,34.40
1697886142.89,34.40
1697886143.89,34.40
1697886144.90,34.40
1697886145.90,34.40
1697886146.90,34.40
1697886147.90,34.40
1697886148.90,34.40
1697886149.90,34.40
1697886150.91,34.40
1697886151.91,34.30
1697886152.91,34.30
1697886153.91,34.30
1697886154.91,34.30
1697886155.91,34.30
1697886156.91,34.30
1697886157.92,34.30
1697886158.92,34.30
1697886159.92,34.30
1697886160.92,34.30
1697886161.92,34.30
1697886162.92,34.30
1697886163.93,34.30
1697886164.93,34.30
1697886165.93,34.30
1697886166.93,34.30
1697886167.93,34.30
1697886168.93,34.20
1697886169.94,34.20
1697886170.94,34.20
1697886171.94,34.20
1697886172.94,34.20
1697886173.94,34.20
1697886174.94,34.20
1697886175.94,34.20
1697886176.95,34.20
1697886177.95,34.20
1697886178.95,34.20
1697886179.95,34.20
1697886180.95,34.20
1697886181.95,34.20
1697886182.96,34.20
1697886183.96,34.20
1697886184.96,34.20
1697886185.96,34.20
1697886186.96,34.20
1697886187.96,34.20
1697886188.96,34.20
1697886189.97,34.20
1697886190.97,34.30
1697886191.97,34.30
1697886192.97,34.30
1697886193.97,34.30
1697886194.97,34.30
1697886195.97,34.30
1697886196.98,34.30
1697886197.98,34.30
1697886198.98,34.30
1697886199.98,34.30
1697886200.98,34.30
1697886201.98,34.30
1697886202.98,34.30
1697886203.99,34.30
1697886204.99,34.30
1697886205.99,34.30
1697886206.99,34.30
1697886207.99,34.30
1697886208.99,34.30
1697886209.99,34.30
1697886211.00,34.30
1697886212.00,34.30
1697886213.00,34.30
1697886214.00,34.30
1697886215.00,34.30
1697886216.00,34.30
1697886217.00,34.30
1697886218.01,34.30
1697886219.01,34.30
1697886220.01,34.30
1697886221.01,34.30
1697886222.01,34.30
1697886223.01,34.30
1697886224.02,34.30
1697886225.02,34.30
1697886226.02,34.30
1697886227.02,34.30
1697886228.02,34.30
1697886229.02,34.30
1697886230.02,34.30
1697886231.02,34.30
1697886232.02,34.30
1697886233.03,34.30
1697886234.03,34.30
1697886235.03,34.30
1697886236.03,34.30
1697886237.03,34.30
1697886238.03,34.30
1697886239.04,34.50
1697886240.04,34.50
1697886241.04,34.50
1697886242.04,34.50
1697886243.04,34.40
1697886244.04,34.40
1697886245.04,34.40
1697886246.05,34.40
1697886247.05,34.40
1697886248.05,34.30
1697886249.05,34.30
1697886250.05,34.30
1697886251.05,34.30
1697886252.06,34.30
1697886253.06,34.30
1697886254.06,34.30
1697886255.06,34.30
1697886256.06,34.30
1697886257.06,34.30
1697886258.06,34.30
1697886259.06,34.30
1697886260.07,34.30
1697886261.07,34.30
1697886262.07,34.30
1697886263.07,34.30
1697886264.07,34.30
1697886265.07,34.30
1697886266.07,34.30
1697886267.08,34.30
1697886268.08,34.30
1697886269.08,34.30
1697886270.08,34.30
1697886271.08,34.30
1697886272.08,34.40
1697886273.09,34.40
1697886274.09,34.40
1697886275.09,34.40
1697886276.09,34.40
1697886277.09,34.40
1697886278.09,34.40
1697886279.09,34.40
1697886280.10,34.40
1697886281.10,34.40
1697886282.10,34.40
1697886283.10,34.40
1697886284.10,34.40
1697886285.10,34.40
1697886286.10,34.40
1697886287.11,34.40
1697886288.11,34.40
1697886289.11,34.40
1697886290.11,34.40
1697886291.11,34.40
1697886292.11,34.40
1697886293.11,34.40
1697886294.12,34.40
1697886295.12,34.40
1697886296.12,34.40
1697886297.12,34.40
1697886298.12,34.40
1697886299.12,34.40
1697886300.12,34.40
1697886301.13,34.40
1697886302.13,34.40
1697886303.13,34.40
1697886304.13,34.40
1697886305.13,34.40
1697886306.13,34.40
1697886307.13,34.40
1697886308.14,34.40
1697886309.14,34.40
1697886310.14,34.40
1697886311.14,34.40
1697886312.14,34.40
1697886313.14,34.40
1697886314.15,34.40
1697886315.15,34.40
1697886316.15,34.40
1697886317.15,34.40
1697886318.15,34.40
1697886319.15,34.40
1697886320.16,34.40
1697886321.16,34.40
1697886322.16,34.40
1697886323.16,34.40
1697886324.16,34.40
1697886325.16,34.40
1697886326.16,34.40
1697886327.17,34.40
1697886328.17,34.40
1697886329.17,34.40
1697886330.17,34.50
1697886331.17,34.50
1697886332.18,34.50
1697886333.18,34.40
1697886334.18,34.40
1697886335.18,34.50
1697886336.18,34.50
1697886337.18,34.50
1697886338.18,34.50
1697886339.19,34.50
1697886340.19,34.50
1697886341.19,34.50
1697886342.19,34.50
1697886343.19,34.50
1697886344.19,34.50
1697886345.20,34.50
1697886346.20,34.50
1697886347.20,34.40
1697886348.20,34.30
1697886349.20,34.30
1697886350.20,34.30
1697886351.20,34.30
1697886352.21,34.30
1697886353.21,34.30
1697886354.21,34.30
1697886355.21,34.30
1697886356.21,34.30
1697886357.21,34.30
1697886358.22,34.30
1697886359.22,34.30
1697886360.22,34.30
1697886361.22,34.30
1697886362.22,34.30
1697886363.22,34.30
1697886364.22,34.30
1697886365.23,34.30
1697886366.23,34.30
1697886367.23,34.30
1697886368.23,34.30
1697886369.23,34.30
1697886370.23,34.30
1697886371.24,34.30
1697886372.24,34.30
1697886373.24,34.30
1697886374.24,34.30
1697886375.24,34.30
1697886376.24,34.40
1697886377.24,34.40
1697886378.25,34.40
1697886379.25,34.40
1697886380.25,34.40
1697886381.25,34.40
1697886382.25,34.40
1697886383.25,34.40
1697886384.25,34.30
1697886385.26,34.30
1697886386.26,34.30
1697886387.26,34.30
1697886388.26,34.30
1697886389.26,34.30
1697886390.26,34.30
1697886391.27,34.30
1697886392.27,34.30
1697886393.27,34.30
1697886394.27,34.30
1697886395.27,34.30
1697886396.27,34.30
1697886397.27,34.30
1697886398.28,34.30
1697886399.28,34.30
1697886400.28,34.30
1697886401.28,34.30
1697886402.28,34.30
1697886403.28,34.30
1697886404.29,34.30
1697886405.29,34.30
1697886406.29,34.30
1697886407.29,34.30
1697886408.29,34.30
1697886409.29,34.30
1697886410.29,34.30
1697886411.30,34.40
1697886412.30,34.40
1697886413.30,34.40
1697886414.30,34.40
1697886415.30,34.30
1697886416.30,34.40
1697886417.31,34.40
1697886418.31,34.40
1697886419.31,34.40
1697886420.31,34.40
1697886421.31,34.40
1697886422.31,34.40
1697886423.31,34.40
1697886424.32,34.40
1697886425.32,34.40
1697886426.32,34.40
1697886427.32,34.40
1697886428.32,34.40
1697886429.32,34.40
1697886430.32,34.40
1697886431.33,34.40
1697886432.33,34.40
1697886433.33,34.40
1697886434.33,34.40
1697886435.33,34.40
1697886436.33,34.40
1697886437.34,34.40
1697886438.34,34.40
1697886439.34,34.40
1697886440.34,34.40
1697886441.34,34.40
1697886442.34,34.40
1697886443.35,34.40
1697886444.35,34.40
1697886445.35,34.40
1697886446.35,34.40
1697886447.35,34.40
1697886448.35,34.40
1697886449.35,34.30
1697886450.36,34.30
1697886451.36,34.30
1697886452.36,34.30
1697886453.36,34.30
1697886454.36,34.30
1697886455.36,34.30
1697886456.36,34.30
1697886457.37,34.30
1697886458.37,34.30
1697886459.37,34.30
1697886460.37,34.30
1697886461.37,34.30
1697886462.37,34.30
1697886463.38,34.40
1697886464.38,34.40
1697886465.38,34.40
1697886466.38,34.40
1697886467.38,34.40
1697886468.38,34.40
1697886469.38,34.40
1697886470.39,34.40
1697886471.39,34.40
1697886472.39,34.40
1697886473.39,34.40
1697886474.39,34.40
1697886475.39,34.40
1697886476.39,34.40
1697886477.39,34.40
1697886478.40,34.40
1697886479.40,34.40
1697886480.40,34.40
1697886481.40,34.40
1697886482.40,34.40
1697886483.40,34.40
1697886484.41,34.40
1697886485.41,34.40
1697886486.41,34.40
1697886487.41,34.40
1697886488.41,34.40
1697886489.41,34.40
1697886490.42,34.40
1697886491.42,34.40
1697886492.42,34.40
1697886493.42,34.40
1697886494.42,34.40
1697886495.42,34.40
1697886496.42,34.40
1697886497.42,34.40
1697886498.43,34.40
1697886499.43,34.40
1697886500.43,34.40
1697886501.43,34.40
1697886502.43,34.40
1697886503.43,34.50
1697886504.44,34.50
1697886505.44,34.40
1697886506.44,34.40
1697886507.44,34.40
1697886508.44,34.40
1697886509.44,34.40
1697886510.44,34.40
1697886511.45,34.40
1697886512.45,34.40
1697886513.45,34.40
1697948348.16,34.60
1697948349.16,35.60
1697948350.17,35.60
1697948351.17,35.20
1697948352.17,35.30
1697948353.17,35.20
1697948354.17,35.10
1697948355.17,35.10
1697948356.18,35.10
1697948357.18,35.00
1697948358.18,35.10
1697948359.18,35.00
1697948360.18,35.20
1697948361.18,35.20
1697948362.19,34.70
1697948363.19,34.70
1697948364.19,34.70
1697948365.19,34.70
1697948366.19,34.70
1697948367.19,34.70
1697948368.19,34.70
1697948369.20,34.70
1697948370.20,34.70
1697948371.20,34.60
1697948372.20,34.60
1697948373.20,34.60
1697948374.20,34.60
1697948375.20,34.60
1697948376.21,34.60
1697948377.21,34.60
1697948378.21,34.60
1697948379.21,34.60
1697948380.21,34.60
1697948381.21,34.60
1697948382.22,34.60
1697948383.22,34.60
1697948384.22,34.60
1697948385.22,34.60
1697948386.22,34.60
1697948387.22,34.60
1697948388.22,34.60
1697948389.22,34.60
1697948390.23,34.60
1697948391.23,34.60
1697948392.23,34.60
1697948393.23,34.60
1697948394.23,34.60
1697948395.23,34.60
1697948396.23,34.60
1697948397.24,34.60
1697948398.24,34.60
1697948399.24,34.60
1697948400.24,34.60
1697948401.24,34.70
1697948402.24,34.70
1697948403.24,34.80
1697948404.25,36.00
1697948405.25,36.00
1697948406.25,36.00
1697948407.25,36.10
1697948408.25,36.10
1697948409.25,36.00
1697948410.25,36.00
1697948411.25,36.00
1697948412.26,35.90
1697948413.26,36.10
1697948414.26,36.00
1697948415.26,36.00
1697948416.26,35.90
1697948417.26,36.10
1697948418.26,36.20
1697948419.27,36.10
1697948420.27,36.10
1697948421.27,36.10
1697948422.27,36.00
1697948423.27,36.00
1697948424.27,35.90
1697948425.27,35.90
1697948426.28,36.00
1697948427.28,36.00
1697948428.28,35.80
1697948429.28,35.50
1697948430.28,35.40
1697948431.28,35.40
1697948432.29,35.30
1697948433.29,35.40
1697948434.29,35.40
1697948435.29,35.40
1697948436.29,35.40
1697948437.29,35.40
1697948438.29,35.40
1697948439.29,35.40
1697948440.30,35.50
1697948441.30,35.40
1697948442.30,35.50
1697948443.30,35.40
1697948444.30,35.40
1697948445.30,35.40
1697948446.30,35.40
1697948447.31,35.40
1697948448.31,35.40
1697948449.31,35.40
1697948450.31,35.30
1697948451.31,35.30
1697948452.31,35.30
1697948453.31,35.30
1697948454.32,35.30
1697948455.32,35.30
1697948456.32,35.40
1697948457.32,35.40
1697948458.32,35.40
1697948459.32,35.40
1697948460.33,35.40
1697948461.33,35.40
1697948462.33,35.40
1697948463.33,35.40
1697948464.33,35.30
1697948465.33,35.70
1697948466.34,35.90
1697948467.34,35.90
1697948468.34,35.90
1697948469.34,35.80
1697948470.34,35.80
1697948471.34,35.70
1697948472.34,35.70
1697948473.35,35.70
1697948474.35,35.80
1697948475.35,35.70
1697948476.35,35.70
1697948477.35,35.70
1697948478.35,35.70
1697948479.36,35.70
1697948480.36,35.70
1697948481.36,35.70
1697948482.36,35.60
1697948483.36,35.50
1697948484.36,35.50
1697948485.36,35.50
1697948486.37,35.50
1697948487.37,35.50
1697948488.37,35.50
1697948489.37,35.50
1697948490.37,35.50
1697948491.37,35.50
1697948492.37,35.50
1697948493.38,35.50
1697948494.38,35.50
1697948495.38,35.50
1697948496.38,35.50
1697948497.38,35.60
1697948498.38,35.60
1697948499.38,35.60
1697948500.39,35.60
1697948501.39,35.60
1697948502.39,35.60
1697948503.39,35.60
1697948504.39,35.60
1697948505.39,35.60
1697948506.39,35.60
1697948507.40,35.60
1697948508.40,35.90
1697948509.40,35.80
1697948510.40,36.00
1697948511.40,36.10
1697948512.40,36.10
1697948513.40,36.00
1697948514.41,36.00
1697948515.41,36.00
1697948516.41,36.20
1697948517.41,36.50
1697948518.41,36.50
1697948519.41,36.30
1697948520.41,36.30
1697948521.42,36.50
1697948522.42,36.20
1697948523.42,36.20
1697948524.42,36.30
1697948525.42,35.90
1697948526.42,36.20
1697948527.42,36.30
1697948528.43,36.30
1697948529.43,36.30
1697948530.43,36.10
1697948531.43,36.00
1697948532.43,36.20
1697948533.43,36.30
1697948534.43,36.30
1697948535.44,36.30
1697948536.44,36.20
1697948537.44,36.10
1697948538.44,36.10
1697948539.44,36.20
1697948540.44,36.50
1697948541.45,36.40
1697948542.45,36.40
1697948543.45,36.40
1697948544.45,36.30
1697948545.45,36.30
1697948546.45,36.40
1697948547.45,36.20
1697948548.46,36.20
1697948549.46,36.30
1697948550.46,36.30
1697948551.46,36.30
1697948552.46,36.70
1697948553.46,36.70
1697948554.47,36.70
1697948555.47,36.50
1697948556.47,36.50
1697948557.47,36.60
1697948558.47,36.60
1697948559.47,36.50
1697948560.48,36.80
1697948561.48,37.20
1697948562.48,37.00
1697948563.48,37.10
1697948564.48,37.10
1697948565.48,37.00
1697948566.49,37.00
1697948567.49,37.00
1697948568.49,37.00
1697948569.49,37.00
1697948570.49,37.10
1697948571.49,37.10
1697948572.49,37.20
1697948573.50,37.10
1697948574.50,37.10
1697948575.50,36.90
1697948576.50,36.90
1697948577.50,36.80
1697948578.50,36.70
1697948579.51,36.70
1697948580.51,36.60
1697948581.51,36.60
1697948582.51,36.60
1697948583.51,36.60
1697948584.51,36.60
1697948585.51,36.60
1697948586.52,36.60
1697948587.52,36.60
1697948588.52,36.60
1697948589.52,36.60
1697948590.52,36.60
1697948591.52,36.60
1697948592.52,36.70
1697948593.53,36.70
1697948594.53,36.70
1697948595.53,36.70
1697948596.53,36.70
1697948597.53,36.70
1697948598.53,36.70
1697948599.54,36.70
1697948600.54,36.70
1697948601.54,36.50
1697948602.54,36.50
1697948603.54,36.40
1697948604.54,36.40
1697948605.54,36.30
1697948606.54,36.30
1697948607.55,36.30
1697948608.55,36.30
1697948609.55,36.30
1697948610.55,36.30
1697948611.55,36.40
1697948612.55,36.40
1697948613.56,36.40
1697948614.56,36.40
1697948615.56,36.40
1697948616.56,36.40
1697948617.56,36.40
1697948618.56,36.40
1697948619.56,36.40
1697948620.57,36.40
1697948621.57,36.40
1697948622.57,36.40
1697948623.57,36.40
1697948624.57,36.40
1697948625.57,36.40
1697948626.57,36.40
1697948627.58,36.50
1697948628.58,36.60
1697948629.58,36.60
1697948630.58,36.60
1697948631.58,36.50
1697948632.58,36.50
1697948633.59,36.50
1697948634.59,36.50
1697948635.59,36.50
1697948636.59,36.50
1697948637.59,36.60
1697948638.59,36.60
1697948639.59,36.60
1697948640.60,36.50
1697948641.60,36.50
1697948642.60,36.50
1697948643.60,36.50
1697948644.60,36.50
1697948645.60,36.40
1697948646.60,36.40
1697948647.61,36.40
1697948648.61,36.30
1697948649.61,36.20
1697948650.61,36.20
1697948651.61,36.20
1697948652.61,36.20
1697948653.62,36.20
1697948654.62,36.20
1697948655.62,36.20
1697948656.62,36.20
1697948657.62,36.20
1697948658.62,36.10
1697948659.62,36.10
1697948660.63,36.10
1697948661.63,36.20
1697948662.63,36.20
1697948663.63,36.20
1697948664.63,36.20
1697948665.63,36.20
1697948666.64,36.20
1697948667.64,36.20
1697948668.64,36.20
1697948669.64,36.20
1697948670.64,36.20
1697948671.64,36.10
1697948672.64,36.10
1697948673.65,36.10
1697948674.65,36.20
1697948675.65,36.20
1697948676.65,36.20
1697948677.65,36.20
1697948678.65,36.20
1697948679.66,36.20
1697948680.66,36.20
1697948681.66,36.20
1697948682.66,36.20
1697948683.66,36.20
1697948684.66,36.20
1697948685.67,36.20
1697948686.67,36.20
1697948687.67,36.20
1697948688.67,36.20
1697948689.67,36.20
1697948690.67,36.20
1697948691.67,36.20
1697948692.68,36.20
1697948693.68,36.20
1697948694.68,36.10
1697948695.68,36.10
1697948696.68,36.10
1697948697.68,36.10
1697948698.68,36.10
1697948699.69,36.10
1697948700.69,36.10
1697948701.69,36.10
1697948702.69,36.50
1697948703.69,36.30
1697948704.69,36.30
1697948705.70,36.30
1697948706.70,36.30
1697948707.70,36.30
1697948708.70,36.30
1697948709.70,36.40
1697948710.70,36.40
1697948711.70,36.40
1697948712.70,36.40
1697948713.70,36.40
1697948714.71,36.40
1697948715.71,36.40
1697948716.71,36.40
1697948717.71,36.40
1697948718.71,36.40
1697948719.71,36.80
1697948720.71,36.90
1697948721.72,36.80
1697948722.72,36.90
1697948723.72,36.40
1697948724.72,36.40
1697948725.72,36.60
1697948726.72,36.70
1697948727.72,36.60
1697948728.73,36.60
1697948729.73,36.70
1697948730.73,36.70
1697948731.73,36.70
1697948732.73,36.70
1697948733.74,36.60
1697948734.74,36.60
1697948735.74,36.60
1697948736.74,36.60
1697948737.74,36.60
1697948738.74,36.60
1697948739.74,36.60
1697948740.74,36.60
1697948741.75,36.60
1697948742.75,36.70
1697948743.75,36.70
1697948744.75,36.70
1697948745.75,36.70
1697948746.75,36.70
1697948747.76,36.70
1697948748.76,36.60
1697948749.76,36.60
1697948750.76,36.60
1697948751.76,36.60
1697948752.76,36.60
1697948753.76,36.60
1697948754.77,36.60
1697948755.77,36.60
1697948756.77,36.70
1697948757.77,36.70
1697948758.77,36.70
1697948759.77,36.60
1697948760.77,36.30
1697948761.78,36.40
1697948762.78,36.30
1697948763.78,36.30
1697948764.78,36.30
1697948765.78,36.30
1697948766.78,36.30
1697948767.79,36.30
1697948768.79,36.30
1697948769.79,36.30
1697948770.79,36.30
1697948771.79,36.30
1697948772.79,36.50
1697948773.80,36.90
1697948774.80,36.70
1697948775.80,36.70
1697948776.80,36.70
1697948777.80,36.70
1697948778.80,36.70
1697948779.80,36.60
1697948780.81,36.60
1697948781.81,36.40
1697948782.81,36.40
1697948783.81,36.40
1697948784.81,36.40
1697948785.81,36.30
1697948786.81,36.30
1697948787.82,36.40
1697948788.82,36.40
1697948789.82,36.40
1697948790.82,36.40
1697948791.82,36.40
1697948792.82,36.40
1697948793.82,36.40
1697948794.83,36.40
1697948795.83,36.40
1697948796.83,36.40
1697948797.83,36.40
1697948798.83,36.40
1697948799.83,36.40
1697948800.83,36.40
1697948801.84,36.40
1697948802.84,36.50
1697948803.84,36.50
1697948804.84,36.50
1697948805.84,36.50
1697948806.85,36.50
1697948807.85,36.60
1697948808.85,36.50
1697948809.85,36.50
1697948810.85,36.50
1697948811.85,36.50
1697948812.85,36.50
1697948813.85,36.70
1697948814.86,36.60
1697948815.86,36.60
1697948816.86,36.60
1697948817.86,36.60
1697948818.86,36.60
1697948819.86,36.60
1697948820.87,36.30
1697948821.87,36.50
1697948822.87,36.70
1697948823.87,36.80
1697948824.87,36.80
1697948825.87,36.80
1697948826.87,36.80
1697948827.88,36.80
1697948828.88,36.80
1697948829.88,36.80
1697948830.88,36.80
1697948831.88,36.80
1697948832.88,36.50
1697948833.88,36.70
1697948834.89,36.70
1697948835.89,36.80
1697948836.89,36.60
1697948837.89,36.50
1697948838.89,36.50
1697948839.89,36.50
1697948840.89,36.50
1697948841.90,36.50
1697948842.90,36.50
1697948843.90,36.50
1697948844.90,36.50
1697948845.90,36.50
1697948846.90,36.50
1697948847.91,36.50
1697948848.91,36.50
1697948849.91,36.60
1697948850.91,36.60
1697948851.91,36.60
1697948852.91,36.80
1697948853.92,36.90
1697948854.92,36.70
1697948855.92,36.70
1697948856.92,36.50
1697948857.92,36.50
1697948858.92,36.50
1697948859.92,36.50
1697948860.93,36.40
1697948861.93,36.40
1697948862.93,36.40
1697948863.93,36.40
1697948864.93,36.60
1697948865.93,36.60
1697948866.94,36.60
1697948867.94,36.60
1697948868.94,36.50
1697948869.94,36.50
1697948870.94,36.50
1697948871.94,36.50
1697948872.94,36.50
1697948873.95,36.50
1697948874.95,36.50
1697948875.95,36.50
1697948876.95,36.50
1697948877.95,36.50
1697948878.95,36.50
1697948879.95,36.50
1697948880.96,36.50
1697948881.96,36.50
1697948882.96,36.50
1697948883.96,36.50
1697948884.96,36.50
1697948885.96,36.50
1697948886.97,36.50
1697948887.97,36.50
1697948888.97,36.50
1697948889.97,36.50
1697948890.97,36.50
1697948891.97,36.50
1697948892.97,36.50
1697948893.98,36.70
1697948894.98,36.70
1697948895.98,36.70
1697948896.98,36.70
1697948897.98,36.60
1697948898.98,36.60
1697948899.98,36.60
1697948900.99,36.50
1697948901.99,36.40
1697948902.99,36.40
1697948903.99,36.60
1697948904.99,36.50
1697948905.99,36.60
1697948906.99,36.60
1697948908.00,36.50
1697948909.00,36.50
1697948910.00,36.50
1697948911.00,36.50
1697948912.00,36.50
1697948913.00,36.50
1697948914.00,36.50
1697948915.01,36.50
1697948916.01,36.50
1697948917.01,36.50
1697948918.01,36.50
1697948919.01,36.50
1697948920.01,36.50
1697948921.01,36.50
1697948922.02,36.50
1697948923.02,36.50
1697948924.02,36.50
1697948925.02,36.50
1697948926.02,36.50
1697948927.02,36.50
1697948928.02,36.40
1697948929.03,36.40
1697948930.03,36.40
1697948931.03,36.40
1697948932.03,36.40
1697948933.03,36.40
1697948934.03,36.40
1697948935.03,36.40
1697948936.04,36.40
1697948937.04,36.40
1697948938.04,36.50
1697948939.04,36.50
1697948940.04,36.40
1697948941.04,35.40
1697948942.04,35.40
1697948943.04,35.40
1697948944.05,35.40
1697948945.05,35.20
1697948946.05,35.10
1697948947.05,35.50
1697948948.05,35.50
1697948949.05,35.50
1697948950.06,35.50
1697948951.06,35.30
1697948952.06,35.30
1697948953.06,35.30
1697948954.06,35.30
1697948955.06,35.20
1697948956.06,35.20
1697948957.06,35.20
1697948958.07,35.20
1697948959.07,35.20
1697948960.07,35.20
1697948961.07,35.20
1697948962.07,35.20
1697948963.07,35.20
1697948964.08,35.20
1697948965.08,35.20
1697948966.08,35.20
1697948967.08,35.20
1697948968.08,35.20
1697948969.08,35.20
1697948970.08,35.20
1697948971.09,35.20
1697948972.09,35.20
1697948973.09,35.20
1697948974.09,35.20
1697948975.09,35.20
1697948976.09,35.20
1697948977.10,35.20
1697948978.10,35.20
1697948979.10,35.20
1697948980.10,35.20
1697948981.10,35.20
1697948982.10,35.20
1697948983.10,35.20
1697948984.11,35.20
1697948985.11,35.20
1697948986.11,35.20
1697948987.11,35.20
1697948988.11,35.20
1697948989.11,35.20
1697948990.11,35.10
1697948991.12,35.10
1697948992.12,35.10
1697948993.12,35.10
1697948994.12,35.10
1697948995.12,35.20
1697948996.12,35.20
1697948997.13,35.20
1697948998.13,35.20
1697948999.13,35.20
1697949000.13,35.20
1697949001.13,35.20
1697949002.13,35.20
1697949003.13,35.20
1697949004.14,35.20
1697949005.14,35.20
1697949006.14,35.20
1697949007.14,35.20
1697949008.14,35.20
1697949009.14,35.20
1697949010.15,35.20
1697949011.15,35.20
1697949012.15,35.20
1697949013.15,35.20
1697949014.15,35.20
1697949015.15,35.20
1697949016.15,35.20
1697949017.15,35.20
1697949018.16,35.20
1697949019.16,35.20
1697949020.16,35.20
1697949021.16,35.20
1697949022.16,35.20
1697949023.16,35.20
1697949024.16,35.10
1697949025.16,35.00
1697949026.17,35.00
1697949027.17,35.00
1697949028.17,35.00
1697949029.17,35.10
1697949030.17,35.10
1697949031.17,34.90
1697949032.18,34.90
1697949033.18,34.90
1697949034.18,34.90
1697949035.18,34.90
1697949036.18,34.90
1697949037.18,34.90
1697949038.18,34.90
1697949039.18,34.90
1697949040.19,34.90
1697949041.19,34.90
1697949042.19,34.80
1697949043.19,34.80
1697949044.19,34.80
1697949045.19,34.80
1697949046.19,34.80
1697949047.20,34.80
1697949048.20,34.80
1697949049.20,34.80
1697949050.20,34.80
1697949051.20,34.80
1697949052.20,34.80
1697949053.20,34.80
1697949054.21,34.90
1697949055.21,34.90
1697949056.21,34.90
1697949057.21,34.90
1697949058.21,34.90
1697949059.21,34.90
1697949060.22,34.90
1697949061.22,34.90
1697949062.22,34.90
1697949063.22,34.90
1697949064.22,34.90
1697949065.22,34.90
1697949066.22,34.90
1697949067.23,34.90
1697949068.23,34.90
1697949069.23,34.90
1697949070.23,34.90
1697949071.23,34.90
1697949072.23,34.90
1697949073.23,34.90
1697949074.24,35.00
1697949075.24,34.90
1697949076.24,34.90
1697949077.24,34.90
1697949078.24,34.90
1697949079.24,34.90
1697949080.24,34.90
1697949081.25,35.00
1697949082.25,35.00
1697949083.25,35.00
1697949084.25,35.00
1697949085.25,34.90
1697949086.25,34.90
1697949087.25,34.90
1697949088.25,34.90
1697949089.26,34.90
1697949090.26,34.90
1697949091.26,34.90
1697949092.26,34.90
1697949093.26,34.90
1697949094.26,34.90
1697949095.26,34.90
1697949096.27,34.90
1697949097.27,34.90
1697949098.27,34.90
1697949099.27,34.90
1697949100.27,34.90
1697949101.27,34.90
1697949102.27,34.90
1697949103.28,34.90
1697949104.28,34.90
1697949105.28,34.90
1697949106.28,34.90
1697949107.28,34.90
1697949108.28,34.90
1697949109.28,34.90
1697949110.28,34.90
1697949111.29,34.90
1697949112.29,34.90
1697949113.29,34.90
1697949114.29,34.90
1697949115.29,34.90
1697949116.29,34.90
1697949117.29,35.00
1697949118.30,35.00
1697949119.30,35.00
1697949120.30,35.00
1697949121.30,35.00
1697949122.30,35.00
1697949123.30,35.00
1697949124.30,34.90
1697949125.31,34.90
1697949126.31,34.90
1697949127.31,34.90
1697949128.31,34.90
1697949129.31,34.90
1697949130.31,34.90
1697949131.32,34.90
1697949132.32,34.90
1697949133.32,34.90
1697949134.32,34.90
1697949135.32,34.90
1697949136.32,34.90
1697949137.32,34.90
1697949138.33,34.90
1697949139.33,34.90
1697949140.33,34.90
1697949141.33,34.90
1697949142.33,34.80
1697949143.33,34.80
1697949144.33,34.90
1697949145.34,34.90
1697949146.34,34.90
1697949147.34,34.90
1697949148.34,34.90
1697949149.34,34.90
1697949150.34,34.90
1697949151.34,34.90
1697949152.35,35.10
1697949153.35,35.10
1697949154.35,35.10
1697949155.35,35.10
1697949156.35,35.00
1697949157.35,34.90
1697949158.36,34.90
1697949159.36,34.90
1697949160.36,34.90
1697949161.36,34.90
1697949162.36,34.90
1697949163.36,34.90
1697949164.36,34.90
1697949165.37,34.90
1697949166.37,34.90
1697949167.37,34.80
1697949168.37,34.80
1697949169.37,34.80
1697949170.37,34.80
1697949171.37,34.80
1697949172.38,34.80
1697949173.38,34.80
1697949174.38,34.80
1697949175.38,34.80
1697949176.38,34.80
1697949177.38,34.80
1697949178.38,34.80
1697949179.39,34.80
1697949180.39,34.80
1697949181.39,34.80
1697949182.39,35.00
1697949183.39,35.20
1697949184.40,35.30
1697949185.40,35.00
1697949186.40,35.00
1697949187.40,35.00
1697949188.40,35.00
1697949189.40,35.00
1697949190.41,35.00
1697949191.41,35.00
1697949192.41,35.00
1697949193.41,35.00
1697949194.41,35.00
1697949195.41,35.00
1697949196.41,35.00
1697949197.42,35.00
1697949198.42,34.90
1697949199.42,34.90
1697949200.42,34.90
1697949201.42,34.90
1697949202.42,34.90
1697949203.42,34.90
1697949204.43,34.90
1697949205.43,34.90
1697949206.43,34.90
1697949207.43,34.90
1697949208.43,34.90
1697949209.43,34.90
1697949210.43,34.90
1697949211.44,34.90
1697949212.44,34.90
1697949213.44,34.90
1697949214.44,34.80
1697949215.44,34.80
1697949216.44,34.80
1697949217.44,34.80
1697949218.44,34.80
1697949219.45,34.80
1697949220.45,34.80
1697949221.45,34.80
1697949222.45,34.80
1697949223.45,34.80
1697949224.45,34.80
1697949225.46,34.80
1697949226.46,34.80
1697949227.46,34.80
1697949228.46,34.80
1697949229.46,34.80
1697949230.46,34.80
1697949231.46,34.80
1697949232.46,34.80
1697949233.47,34.80
1697949234.47,34.80
1697949235.47,34.80
1697949236.47,34.80
1697949237.47,34.80
1697949238.47,34.80
1697949239.47,34.80
1697949240.48,34.80
1697949241.48,34.80
1697949242.48,34.90
1697949243.48,34.80
1697949244.48,34.80
1697949245.48,34.80
1697949246.48,34.80
1697949247.49,34.80
1697949248.49,34.80
1697949249.49,34.80
1697949250.49,34.80
1697949251.49,34.80
1697949252.49,34.80
1697949253.49,34.90
1697949254.50,34.90
1697949255.50,34.90
1697949256.50,34.80
1697949257.50,34.80
1697949258.50,34.80
1697949259.50,34.80
1697949260.50,34.80
1697949261.51,34.70
1697949262.51,34.80
1697949263.51,34.80
1697949264.51,34.80
1697949265.51,34.80
1697949266.51,34.80
1697949267.52,34.80
1697949268.52,34.80
1697949269.52,34.80
1697949270.52,34.80
1697949271.52,34.80
1697949272.52,34.80
1697949273.52,34.80
1697949274.53,34.80
1697949275.53,34.80
1697949276.53,34.80
1697949277.53,34.80
1697949278.53,34.80
1697949279.53,34.90
1697949280.53,34.80
1697949281.54,34.80
1697949282.54,34.80
1697949283.54,34.70
1697949284.54,34.70
1697949285.54,34.70
1697949286.54,34.80
1697949287.54,34.80
1697949288.55,34.80
1697949289.55,34.80
1697949290.55,34.80
1697949291.55,34.80
1697949292.55,34.80
1697949293.55,34.80
1697949294.55,34.80
1697949295.56,34.80
1697949296.56,34.80
1697949297.56,34.80
1697949298.56,34.70
1697949299.56,34.70
1697949300.56,34.80
1697949301.56,34.80
1697949302.57,34.80
1697949303.57,34.80
1697949304.57,34.70
1697949305.57,34.70
1697949306.57,34.70
1697949307.57,34.90
1697949308.57,34.90
1697949309.58,34.90
1697949310.58,34.90
1697949311.58,34.80
1697949312.58,35.00
1697949313.58,35.00
1697949314.58,35.00
1697949315.58,35.00
1697949316.58,35.00
1697949317.59,34.90
1697949318.59,34.90
1697949319.59,34.90
1697949320.59,34.90
1697949321.59,34.90
1697949322.59,35.00
1697949323.60,35.00
1697949324.60,35.00
1697949325.60,35.00
1697949326.60,34.90
1697949327.60,34.90
1697949328.60,34.90
1697949329.60,34.90
1697949330.61,34.90
1697949331.61,34.90
1697949332.61,34.90
1697949333.61,34.90
1697949334.61,34.90
1697949335.61,34.90
1697949336.61,34.90
1697949337.62,35.00
1697949338.62,35.00
1697949339.62,35.00
1697949340.62,35.00
1697949341.62,34.90
1697949342.62,34.90
1697949343.62,34.90
1697949344.63,34.90
1697949345.63,35.00
1697949346.63,35.00
1697949347.63,35.00
1697949348.63,35.00
1697949349.63,35.00
1697949350.63,35.00
1697949351.64,35.00
1697949352.64,35.00
1697949353.64,35.00
1697949354.64,35.00
1697949355.64,34.90
1697949356.64,34.90
1697949357.64,35.00
1697949358.65,35.00
1697949359.65,35.00
1697949360.65,35.00
1697949361.65,35.00
1697949362.65,35.00
1697949363.65,35.00
1697949364.66,35.00
1697949365.66,35.00
1697949366.66,35.00
1697949367.66,34.90
1697949368.66,34.90
1697949369.66,34.90
1697949370.66,35.00
1697949371.67,35.00
1697949372.67,35.00
1697949373.67,35.00
1697949374.67,35.00
1697949375.67,35.00
1697949376.67,35.00
1697949377.67,35.00
1697949378.68,35.00
1697949379.68,35.00
1697949380.68,35.00
1697949381.68,34.90
1697949382.68,34.90
1697949383.68,34.90
1697949384.68,34.90
1697949385.69,34.90
1697949386.69,34.90
1697949387.69,34.90
1697949388.69,34.90
1697949389.69,34.90
1697949390.69,34.90
1697949391.69,34.90
1697949392.70,34.90
1697949393.70,34.90
1697949394.70,35.00
1697949395.70,34.90
1697949396.70,34.90
1697949397.70,34.90
1697949398.71,34.90
1697949399.71,34.90
1697949400.71,34.90
1697949401.71,34.90
1697949402.71,34.90
1697949403.71,34.90
1697949404.71,34.90
1697949405.72,34.90
1697949406.72,34.90
1697949407.72,34.90
1697949408.72,34.90
1697949409.72,34.90
1697949410.72,34.90
1697949411.72,35.00
1697949412.73,35.20
1697949413.73,35.20
1697949414.73,35.20
1697949415.73,35.20
1697949416.73,35.20
1697949417.73,35.30
1697949418.73,35.20
1697949419.74,35.20
1697949420.74,35.00
1697949421.74,35.00
1697949422.74,35.00
1697949423.74,35.00
1697949424.74,35.00
1697949425.75,35.00
1697949426.75,35.00
1697949427.75,35.00
1697949428.75,35.00
1697949429.75,35.00
1697949430.75,35.00
1697949431.75,35.00
1697949432.76,35.00
1697949433.76,35.00
1697949434.76,35.00
1697949435.76,35.00
1697949436.76,35.00
1697949437.76,35.00
1697949438.76,35.00
1697949439.77,35.00
1697949440.77,35.00
1697949441.77,35.00
1697949442.77,35.00
1697949443.77,35.00
1697949444.77,35.00
1697949445.77,35.00
1697949446.78,35.00
1697949447.78,35.00
1697949448.78,35.00
1697949449.78,35.00
1697949450.78,35.00
1697949451.78,35.00
1697949452.78,35.00
1697949453.79,35.00
1697949454.79,35.00
1697949455.79,35.00
1697949456.79,35.00
1697949457.79,35.00
1697949458.79,35.00
1697949459.79,35.00
1697949460.80,35.00
1697949461.80,35.00
1697949462.80,35.00
1697949463.80,34.90
1697949464.80,34.90
1697949465.80,34.90
1697949466.80,34.90
1697949467.81,35.00
1697949468.81,35.00
1697949469.81,35.00
1697949470.81,35.00
1697949471.81,35.00
1697949472.81,35.10
1697949473.82,35.10
1697949474.82,35.10
1697949475.82,35.10
1697949476.82,35.00
1697949477.82,35.00
1697949478.82,35.00
1697949479.82,35.00
1697949480.83,35.00
1697949481.83,35.00
1697949482.83,35.20
1697949483.83,35.20
1697949484.83,35.20
1697949485.83,35.20
1697949486.83,35.00
1697949487.84,35.00
1697949488.84,35.00
1697949489.84,35.00
1697949490.84,35.10
1697949491.84,35.10
1697949492.84,35.10
1697949493.85,35.10
1697949494.85,35.10
1697949495.85,35.10
1697949496.85,35.10
1697949497.85,35.10
1697949498.85,35.10
1697949499.85,35.10
1697949500.85,35.20
1697949501.86,35.30
1697949502.86,35.30
1697949503.86,35.30
1697949504.86,35.20
1697949505.86,35.10
1697949506.86,35.30
1697949507.86,35.30
1697949508.87,35.20
1697949509.87,35.20
1697949510.87,35.30
1697949511.87,35.30
1697949512.87,35.30
1697949513.87,35.30
1697949514.88,35.30
1697949515.88,35.30
1697949516.88,35.30
1697949517.88,35.30
1697949518.88,35.30
1697949519.88,35.30
1697949520.88,35.30
1697949521.89,35.30
1697949522.89,35.40
1697949523.89,35.40
1697949524.89,35.40
1697949525.89,35.40
1697949526.89,35.40
1697949527.89,35.40
1697949528.89,35.40
1697949529.90,35.40
1697949530.90,35.40
1697949531.90,35.40
1697949532.90,35.40
1697949533.90,35.40
1697949534.90,35.40
1697949535.90,35.40
1697949536.91,35.40
1697949537.91,35.40
1697949538.91,35.40
1697949539.91,35.40
1697949540.91,35.80
1697949541.91,35.80
1697949542.92,36.00
1697949543.92,35.80
1697949544.92,35.80
1697949545.92,35.80
1697949546.92,35.80
1697949547.92,35.80
1697949548.92,35.80
1697949549.93,36.00
1697949550.93,35.90
1697949551.93,35.90
1697949552.93,35.80
1697949553.93,35.90
1697949554.93,35.70
1697949555.93,35.70
1697949556.94,35.70
1697949557.94,35.70
1697949558.94,35.80
1697949559.94,35.70
1697949560.94,35.70
1697949561.94,35.70
1697949562.95,35.80
1697949563.95,35.80
1697949564.95,35.80
1697949565.95,35.90
1697949566.95,35.90
1697949567.95,36.10
1697949568.95,36.00
1697949569.96,36.00
1697949570.96,35.90
1697949571.96,35.90
1697949572.96,36.00
1697949573.96,36.00
1697949574.96,36.00
1697949575.96,36.00
1697949576.97,35.80
1697949577.97,35.80
1697949578.97,35.90
1697949579.97,35.90
1697949580.97,35.90
1697949581.97,35.70
1697949582.97,35.70
1697949583.98,35.70
1697949584.98,35.70
1697949585.98,35.70
1697949586.98,35.90
1697949587.98,35.90
1697949588.98,35.90
1697949589.99,35.90
1697949590.99,35.70
1697949591.99,35.70
1697949592.99,35.90
1697949593.99,35.90
1697949594.99,36.00
1697949596.00,35.60
1697949597.00,35.50
1697949598.00,35.50
1697949599.00,35.50
1697949600.00,35.50
1697949601.00,35.40
1697949602.00,35.40
1697949603.01,35.40
1697949604.01,35.40
1697949605.01,35.40
1697949606.01,35.40
1697949607.01,35.40
1697949608.01,35.40
1697949609.01,35.40
1697949610.02,35.40
1697949611.02,35.40
1697949612.02,35.40
1697949613.02,35.40
1697949614.02,35.40
1697949615.02,35.40
1697949616.02,35.40
1697949617.03,35.40
1697949618.03,35.40
1697949619.03,35.40
1697949620.03,35.50
1697949621.03,35.50
1697949622.03,35.50
1697949623.03,35.50
1697949624.04,35.50
1697949625.04,35.40
1697949626.04,35.40
1697949627.04,35.40
1697949628.04,35.40
1697949629.04,35.40
1697949630.05,35.40
1697949631.05,35.40
1697949632.05,35.40
1697949633.05,35.40
1697949634.05,35.40
1697949635.05,35.40
1697949636.05,35.40
1697949637.06,35.40
1697949638.06,35.40
1697949639.06,35.40
1697949640.06,35.40
1697949641.06,35.40
1697949642.06,35.40
1697949643.06,35.40
1697949644.07,35.50
1697949645.07,35.50
1697949646.07,35.50
1697949647.07,35.70
1697949648.07,35.70
1697949649.07,35.80
1697949650.07,35.90
1697949651.07,35.90
1697949652.08,35.90
1697949653.08,35.90
1697949654.08,35.90
1697949655.08,36.00
1697949656.08,36.00
1697949657.08,36.10
1697949658.08,36.10
1697949659.09,35.90
1697949660.09,35.90
1697949661.09,36.00
1697949662.09,35.70
1697949663.09,35.70
1697949664.09,35.70
1697949665.09,35.80
1697949666.10,35.70
1697949667.10,35.70
1697949668.10,35.70
1697949669.10,35.70
1697949670.10,35.70
1697949671.10,35.70
1697949672.10,35.70
1697949673.11,35.70
1697949674.11,35.70
1697949675.11,35.70
1697949676.11,35.80
1697949677.11,35.80
1697949678.11,35.80
1697949679.11,35.90
1697949680.12,35.90
1697949681.12,36.00
1697949682.12,36.00
1697949683.12,36.00
1697949684.12,36.00
1697949685.12,36.00
1697949686.13,36.00
1697949687.13,35.90
1697949688.13,35.90
1697949689.13,35.90
1697949690.13,35.90
1697949691.13,35.70
1697949692.13,35.70
1697949693.14,35.60
1697949694.14,35.60
1697949695.14,35.60
1697949696.14,35.60
1697949697.14,35.60
1697949698.14,35.70
1697949699.14,35.70
1697949700.15,35.30
1697949701.15,35.30
1697949702.15,35.30
1697949703.15,35.20
1697949704.15,35.20
1697949705.15,35.20
1697949706.15,35.20
1697949707.16,35.20
1697949708.16,35.20
1697949709.16,35.20
1697949710.16,35.20
1697949711.16,35.20
1697949712.16,35.20
1697949713.16,35.20
1697949714.17,35.20
1697949715.17,35.20
1697949716.17,35.30
1697949717.17,35.30
1697949718.17,35.30
1697949719.17,35.40
1697949720.18,35.20
1697949721.18,35.30
1697949722.18,35.40
1697949723.18,35.40
1697949724.18,35.40
1697949725.18,35.50
1697949726.18,35.50
1697949727.18,35.50
1697949728.19,35.60
1697949729.19,35.50
1697949730.19,35.30
1697949731.19,35.30
1697949732.19,35.40
1697949733.19,35.40
1697949734.20,35.40
1697949735.20,35.40
1697949736.20,35.40
1697949737.20,35.40
1697949738.20,35.30
1697949739.20,35.40
1697949740.20,35.40
1697949741.21,35.40
1697949742.21,35.40
1697949743.21,35.40
1697949744.21,35.40
1697949745.21,35.40
1697949746.21,35.40
1697949747.22,35.40
1697949748.22,35.40
1697949749.22,35.40
1697949750.22,35.50
1697949751.22,35.50
1697949752.22,35.50
1697949753.23,35.50
1697949754.23,35.50
1697949755.23,35.50
1697949756.23,35.50
1697949757.23,35.40
1697949758.23,35.40
1697949759.23,35.50
1697949760.24,35.50
1697949761.24,35.50
1697949762.24,35.60
1697949763.24,35.70
1697949764.24,35.70
1697949765.24,35.50
1697949766.24,35.40
1697949767.25,35.40
1697949768.25,35.30
1697949769.25,35.30
1697949770.25,35.20
1697949771.25,35.20
1697949772.25,35.20
1697949773.25,35.30
1697949774.26,35.30
1697949775.26,35.30
1697949776.26,35.40
1697949777.26,35.40
1697949778.26,35.40
1697949779.26,35.60
1697949780.26,35.50
1697949781.26,35.50
1697949782.27,35.50
1697949783.27,35.40
1697949784.27,35.40
1697949785.27,35.40
1697949786.27,35.40
1697949787.27,35.30
1697949788.28,35.30
1697949789.28,35.30
1697949790.28,35.30
1697949791.28,35.40
1697949792.28,35.30
1697949793.28,35.30
1697949794.29,35.30
1697949795.29,35.30
1697949796.29,35.30
1697949797.29,35.30
1697949798.29,35.30
1697949799.29,35.30
1697949800.30,35.30
1697949801.30,35.30
1697949802.30,35.30
1697949803.30,35.30
1697949804.30,35.30
1697949805.30,35.30
1697949806.30,35.30
1697949807.31,35.30
1697949808.31,35.30
1697949809.31,35.30
1697949810.31,35.30
1697949811.31,35.30
1697949812.31,35.30
1697949813.31,35.50
1697949814.32,35.50
1697949815.32,35.40
1697949816.32,35.30
1697949817.32,35.20
1697949818.32,35.20
1697949819.32,35.20
1697949820.32,35.20
1697949821.33,35.20
1697949822.33,35.20
1697949823.33,35.20
1697949824.33,35.20
1697949825.33,35.20
1697949826.33,35.20
1697949827.34,35.20
1697949828.34,35.20
1697949829.34,35.20
1697949830.34,35.20
1697949831.34,35.20
1697949832.34,35.20
1697949833.35,35.20
1697949834.35,35.20
1697949835.35,35.20
1697949836.35,35.20
1697949837.35,35.20
1697949838.35,35.20
1697949839.36,35.20
1697949840.36,35.20
1697949841.36,35.20
1697949842.36,35.20
1697949843.36,35.30
1697949844.36,35.40
1697949845.36,35.50
1697949846.37,35.50
1697949847.37,35.50
1697949848.37,35.50
1697949849.37,35.40
1697949850.37,35.40
1697949851.37,35.40
1697949852.37,35.80
1697949853.38,35.70
1697949854.38,35.90
1697949855.38,35.90
1697949856.38,35.90
1697949857.38,35.80
1697949858.38,35.70
1697949859.38,35.80
1697949860.39,35.80
1697949861.39,35.90
1697949862.39,35.90
1697949863.39,35.80
1697949864.39,35.80
1697949865.39,35.80
1697949866.39,35.80
1697949867.40,35.80
1697949868.40,35.70
1697949869.40,35.90
1697949870.40,36.00
1697949871.40,36.00
1697949872.40,36.10
1697949873.40,36.20
1697949874.41,36.10
1697949875.41,36.10
1697949876.41,36.10
1697949877.41,36.10
1697949878.41,36.00
1697949879.41,35.90
1697949880.41,36.00
1697949881.42,36.00
1697949882.42,36.00
1697949883.42,35.90
1697949884.42,35.90
1697949885.42,35.90
1697949886.42,35.80
1697949887.43,35.80
1697949888.43,35.90
1697949889.43,35.90
1697949890.43,35.90
1697949891.43,36.00
1697949892.43,36.00
1697949893.44,36.00
1697949894.44,36.00
1697949895.44,36.10
1697949896.44,35.90
1697949897.44,36.00
1697949898.44,35.90
1697949899.44,36.10
1697949900.45,36.00
1697949901.45,36.00
1697949902.45,36.00
1697949903.45,35.90
1697949904.45,35.90
1697949905.45,35.90
1697949906.46,35.90
1697949907.46,36.10
1697949908.46,36.10
1697949909.46,36.10
1697949910.46,36.10
1697949911.46,36.10
1697949912.46,36.10
1697949913.47,36.10
1697949914.47,36.00
1697949915.47,36.00
1697949916.47,36.00
1697949917.47,36.10
1697949918.47,36.10
1697949919.47,36.10
1697949920.48,36.10
1697949921.48,36.10
1697949922.48,36.10
1697949923.48,36.10
1697949924.48,36.10
1697949925.48,36.10
1697949926.49,36.10
1697949927.49,36.10
1697949928.49,36.10
1697949929.49,36.10
1697949930.49,36.20
1697949931.49,36.20
1697949932.49,36.20
1697949933.50,36.20
1697949934.50,36.10
1697949935.50,35.80
1697949936.50,35.80
1697949937.50,35.80
1697949938.50,35.80
1697949939.50,35.90
1697949940.50,35.90
1697949941.51,35.90
1697949942.51,35.90
1697949943.51,35.90
1697949944.51,35.90
1697949945.51,35.90
1697949946.51,35.90
1697949947.51,35.90
1697949948.51,35.90
1697949949.52,36.00
1697949950.52,36.00
1697949951.52,36.00
1697949952.52,36.00
1697949953.52,35.90
1697949954.52,35.90
1697949955.52,35.90
1697949956.53,35.90
1697949957.53,35.90
1697949958.53,35.90
1697949959.53,35.90
1697949960.53,35.80
1697949961.53,35.80
1697949962.54,35.80
1697949963.54,35.80
1697949964.54,35.90
1697949965.54,35.90
1697949966.54,35.90
1697949967.54,35.90
1697949968.54,35.90
1697949969.55,35.90
1697949970.55,35.80
1697949971.55,35.80
1697949972.55,35.80
1697949973.55,35.80
1697949974.55,35.80
1697949975.55,35.80
1697949976.56,35.80
1697949977.56,35.70
1697949978.56,35.70
1697949979.56,36.00
1697949980.56,36.00
1697949981.56,36.00
1697949982.57,36.00
1697949983.57,35.90
1697949984.57,35.90
1697949985.57,35.90
1697949986.57,35.90
1697949987.57,35.80
1697949988.57,35.80
1697949989.57,35.90
1697949990.58,35.90
1697949991.58,35.90
1697949992.58,35.90
1697949993.58,35.90
1697949994.58,35.90
1697949995.58,35.90
1697949996.58,35.90
1697949997.59,35.90
1697949998.59,35.90
1697949999.59,35.90
1697950000.59,35.90
1697950001.59,35.90
1697950002.59,35.90
1697950003.60,35.90
1697950004.60,35.90
1697950005.60,35.90
1697950006.60,35.90
1697950007.60,35.90
1697950008.60,35.90
1697950009.60,35.90
1697950010.60,35.90
1697950011.61,35.90
1697950012.61,35.90
1697950013.61,35.90
1697950014.61,35.90
1697950015.61,35.80
1697950016.61,35.80
1697950017.61,35.80
1697950018.62,35.90
1697950019.62,35.90
1697950020.62,35.90
1697950021.62,35.90
1697950022.62,35.90
1697950023.62,35.90
1697950024.62,35.90
1697950025.63,35.90
1697950026.63,35.90
1697950027.63,35.90
1697950028.63,35.90
1697950029.63,35.90
1697950030.63,35.90
1697950031.63,35.90
1697950032.64,35.90
1697950033.64,36.00
1697950034.64,36.00
1697950035.64,36.00
1697950036.64,36.00
1697950037.64,35.80
1697950038.65,35.70
1697950039.65,35.90
1697950040.65,35.90
1697950041.65,35.90
1697950042.65,35.90
1697950043.65,35.80
1697950044.65,35.80
1697950045.66,35.80
1697950046.66,35.90
1697950047.66,35.90
1697950048.66,35.90
1697950049.66,35.90
1697950050.66,35.90
1697950051.66,35.90
1697950052.67,35.80
1697950053.67,35.80
1697950054.67,35.80
1697950055.67,35.80
1697950056.67,35.80
1697950057.67,35.80
1697950058.68,35.80
1697950059.68,35.80
1697950060.68,35.80
1697950061.68,35.80
1697950062.68,35.70
1697950063.68,35.80
1697950064.68,35.80
1697950065.69,35.80
1697950066.69,35.80
1697950067.69,35.80
1697950068.69,35.80
1697950069.69,35.80
1697950070.69,35.80
1697950071.69,35.80
1697950072.70,35.80
1697950073.70,35.80
1697950074.70,35.80
1697950075.70,35.80
1697950076.70,35.80
1697950077.70,35.80
1697950078.70,35.80
1697950079.71,35.80
1697950080.71,35.70
1697950081.71,35.70
1697950082.71,35.70
1697950083.71,35.70
1697950084.71,35.70
1697950085.72,35.70
1697950086.72,35.70
1697950087.72,35.70
1697950088.72,35.70
1697950089.72,35.70
1697950090.72,35.70
1697950091.73,35.70
1697950092.73,35.70
1697950093.73,35.70
1697950094.73,35.70
1697950095.73,35.70
1697950096.73,35.70
1697950097.73,35.70
1697950098.74,35.70
1697950099.74,35.70
1697950100.74,35.70
1697950101.74,35.70
1697950102.74,35.70
1697950103.74,35.50
1697950104.74,35.50
1697950105.74,35.50
1697950106.75,35.50
1697950107.75,35.50
1697950108.75,35.50
1697950109.75,35.50
1697950110.75,35.40
1697950111.75,35.40
1697950112.75,35.40
1697950113.76,35.40
1697950114.76,35.40
1697950115.76,35.40
1697950116.76,35.40
1697950117.76,35.50
1697950118.76,35.50
1697950119.76,35.50
1697950120.77,35.50
1697950121.77,35.50
1697950122.77,35.50
1697950123.77,35.50
1697950124.77,35.50
1697950125.77,35.50
1697950126.77,35.50
1697950127.78,35.50
1697950128.78,35.50
1697950129.78,35.50
1697950130.78,35.50
1697950131.78,35.50
1697950132.78,35.50
1697950133.78,35.50
1697950134.79,35.50
1697950135.79,35.60
1697950136.79,35.60
1697950137.79,35.60
1697950138.79,35.60
1697950139.79,35.60
1697950140.79,35.60
1697950141.79,35.60
1697950142.80,35.60
1697950143.80,35.60
1697950144.80,35.60
1697950145.80,35.60
1697950146.80,35.60
1697950147.80,35.60
1697950148.80,35.60
1697950149.81,35.60
1697950150.81,35.50
1697950151.81,35.50
1697950152.81,35.50
1697950153.81,35.50
1697950154.81,35.50
1697950155.81,35.50
1697950156.82,35.50
1697950157.82,35.60
1697950158.82,35.60
1697950159.82,35.60
1697950160.82,35.60
1697950161.82,35.60
1697950162.83,35.60
1697950163.83,35.60
1697950164.83,35.60
1697950165.83,35.60
1697950166.83,35.60
1697950167.83,35.60
1697950168.83,35.80
1697950169.84,35.80
1697950170.84,35.80
1697950171.84,35.80
1697950172.84,35.60
1697950173.84,35.60
1697950174.84,35.70
1697950175.84,35.70
1697950176.85,35.60
1697950177.85,35.50
1697950178.85,35.60
1697950179.85,35.60
1697950180.85,35.60
1697950181.85,35.60
1697950182.85,35.60
1697950183.86,35.60
1697950184.86,35.60
1697950185.86,35.60
1697950186.86,35.60
1697950187.86,35.60
1697950188.86,35.60
1697950189.86,35.60
1697950190.86,35.60
1697950191.87,35.60
1697950192.87,35.60
1697950193.87,35.70
1697950194.87,35.70
1697950195.87,35.70
1697950196.87,35.70
1697950197.87,35.70
1697950198.88,35.70
1697950199.88,35.60
1697950200.88,35.60
1697950201.88,35.60
1697950202.88,35.60
1697950203.88,35.60
1697950204.88,35.60
1697950205.89,35.60
1697950206.89,35.60
1697950207.89,35.60
1697950208.89,35.60
1697950209.89,35.50
1697950210.89,35.50
1697950211.89,35.50
1697950212.90,35.50
1697950213.90,35.50
1697950214.90,35.60
1697950215.90,35.60
1697950216.90,35.60
1697950217.90,35.60
1697950218.91,35.80
1697950219.91,35.80
1697950220.91,35.90
1697950221.91,36.00
1697950222.91,35.90
1697950223.91,35.90
1697950224.91,35.90
1697950225.91,35.90
1697950226.92,35.90
1697950227.92,35.90
1697950228.92,35.90
1697950229.92,35.90
1697950230.92,35.90
1697950231.92,35.90
1697950232.92,35.90
1697950233.93,36.00
1697950234.93,36.00
1697950235.93,36.00
1697950236.93,36.00
1697950237.93,36.00
1697950238.93,36.00
1697950239.94,36.00
1697950240.94,36.00
1697950241.94,36.00
1697950242.94,36.00
1697950243.94,36.00
1697950244.94,36.10
1697950245.94,36.10
1697950246.95,36.10
1697950247.95,36.00
1697950248.95,36.00
1697950249.95,36.00
1697950250.95,36.00
1697950251.95,36.00
1697950252.96,35.90
1697950253.96,35.90
1697950254.96,35.90
1697950255.96,35.90
1697950256.96,35.90
1697950257.96,35.90
1697950258.96,35.90
1697950259.97,36.00
1697950260.97,35.90
1697950261.97,36.00
1697950262.97,36.00
1697950263.97,36.00
1697950264.97,36.00
1697950265.98,36.00
1697950266.98,36.00
1697950267.98,36.00
1697950268.98,35.90
1697950269.98,35.90
1697950270.98,35.90
1697950271.98,35.90
1697950272.99,35.90
1697950273.99,35.90
1697950274.99,35.80
1697950275.99,35.80
1697950276.99,35.80
1697950277.99,35.90
1697950278.99,36.00
1697950280.00,36.00
1697950281.00,36.00
1697950282.00,35.80
1697950283.00,35.70
1697950284.00,35.80
1697950285.00,35.80
1697950286.00,35.80
1697950287.01,35.80
1697950288.01,35.90
1697950289.01,36.10
1697950290.01,36.10
1697950291.01,36.10
1697950292.01,36.10
1697950293.01,35.90
1697950294.01,35.90
1697950295.02,35.90
1697950296.02,36.00
1697950297.02,35.90
1697950298.02,35.90
1697950299.02,35.90
1697950300.02,35.90
1697950301.02,35.90
1697950302.03,36.20
1697950303.03,36.40
1697950304.03,36.40
1697950305.03,36.30
1697950306.03,36.20
1697950307.03,36.20
1697950308.04,36.20
1697950309.04,36.20
1697950310.04,36.30
1697950311.04,36.40
1697950312.04,36.40
1697950313.04,36.50
1697950314.05,36.50
1697950315.05,36.40
1697950316.05,36.30
1697950317.05,36.30
1697950318.05,36.60
1697950319.05,36.60
1697950320.05,36.50
1697950321.06,36.50
1697950322.06,36.50
1697950323.06,36.60
1697950324.06,36.60
1697950325.06,36.60
1697950326.06,36.40
1697950327.06,36.40
1697950328.06,36.10
1697950329.07,36.10
1697950330.07,36.10
1697950331.07,36.10
1697950332.07,36.10
1697950333.07,36.10
1697950334.07,36.10
1697950335.07,36.00
1697950336.08,35.90
1697950337.08,35.90
1697950338.08,35.70
1697950339.08,35.70
1697950340.08,35.60
1697950341.08,35.60
1697950342.08,35.70
1697950343.09,35.60
1697950344.09,35.60
1697950345.09,35.60
1697950346.09,35.40
1697950347.09,35.40
1697950348.09,35.40
1697950349.09,35.60
1697950350.10,35.60
1697950351.10,35.70
1697950352.10,35.60
1697950353.10,35.70
1697950354.10,35.70
1697950355.10,35.70
1697950356.10,35.50
1697950357.11,35.50
1697950358.11,35.70
1697950359.11,35.70
1697950360.11,35.60
1697950361.11,35.70
1697950362.11,35.70
1697950363.11,35.70
1697950364.12,35.70
1697950365.12,35.70
1697950366.12,35.70
1697950367.12,35.80
1697950368.12,35.80
1697950369.12,35.70
1697950370.12,35.60
1697950371.13,35.60
1697950372.13,35.50
1697950373.13,35.60
1697950374.13,35.60
1697950375.13,35.60
1697950376.13,35.50
1697950377.13,35.50
1697950378.14,35.60
1697950379.14,35.60
1697950380.14,35.40
1697950381.14,35.40
1697950382.14,35.60
1697950383.14,35.60
1697950384.14,35.60
1697950385.15,35.60
1697950386.15,35.50
1697950387.15,35.50
1697950388.15,35.60
1697950389.15,35.70
1697950390.15,35.70
1697950391.15,35.80
1697950392.16,35.70
1697950393.16,35.70
1697950394.16,35.70
1697950395.16,35.60
1697950396.16,35.60
1697950397.16,35.60
1697950398.16,36.00
1697950399.17,36.50
1697950400.17,36.80
1697950401.17,36.80
1697950402.17,36.90
1697950403.17,36.80
1697950404.17,36.80
1697950405.17,36.80
1697950406.18,36.90
1697950407.18,36.90
1697950408.18,36.90
1697950409.18,36.80
1697950410.18,36.90
1697950411.18,36.90
1697950412.18,36.90
1697950413.18,36.90
1697950414.19,36.90
1697950415.19,37.00
1697950416.19,36.90
1697950417.19,36.90
1697950418.19,36.80
1697950419.19,36.90
1697950420.19,36.90
1697950421.20,36.90
1697950422.20,36.80
1697950423.20,36.80
1697950424.20,36.80
1697950425.20,36.80
1697950426.20,36.80
1697950427.21,36.80
1697950428.21,36.90
1697950429.21,36.90
1697950430.21,36.90
1697950431.21,36.90
1697950432.21,36.80
1697950433.21,36.90
1697950434.22,36.90
1697950435.22,36.90
1697950436.22,36.90
1697950437.22,36.60
1697950438.22,36.60
1697950439.22,37.40
1697950440.22,36.60
1697950441.22,36.70
